,expanded states,used states,expanded transitions,used transitions,synthesis time(ms),findNewGoals,findNewErrors,propagateGoals,propagateErrors,memory(mb),heuristic time(ms),expansion_budget_exceeded,OutOfMem,algorithm,heuristic,problem,n,k,transitions/ms
0,5.0,5.0,6.0,6.0,168.0,2.0,0.0,1.0,0.0,12.0,12.0,false,False,new,experiments/results/BW_2_2/boolean_2/46.onnx,BW,1,1,0.03571428571428571
1,5.0,5.0,6.0,6.0,177.0,2.0,0.0,1.0,0.0,12.54,14.0,false,False,new,experiments/results/BW_2_2/boolean_2/46.onnx,BW,1,2,0.03389830508474576
2,5.0,5.0,6.0,6.0,181.0,2.0,0.0,1.0,0.0,12.54,12.0,false,False,new,experiments/results/BW_2_2/boolean_2/46.onnx,BW,1,3,0.03314917127071823
3,5.0,5.0,6.0,6.0,171.0,2.0,0.0,1.0,0.0,13.05,14.0,false,False,new,experiments/results/BW_2_2/boolean_2/46.onnx,BW,1,4,0.03508771929824561
4,5.0,5.0,6.0,6.0,172.0,2.0,0.0,1.0,0.0,13.05,15.0,false,False,new,experiments/results/BW_2_2/boolean_2/46.onnx,BW,1,5,0.03488372093023256
5,5.0,5.0,6.0,6.0,172.0,2.0,0.0,1.0,0.0,13.05,15.0,false,False,new,experiments/results/BW_2_2/boolean_2/46.onnx,BW,1,6,0.03488372093023256
6,5.0,5.0,6.0,6.0,179.0,2.0,0.0,1.0,0.0,13.02,16.0,false,False,new,experiments/results/BW_2_2/boolean_2/46.onnx,BW,1,7,0.0335195530726257
7,5.0,5.0,6.0,6.0,175.0,2.0,0.0,1.0,0.0,13.02,13.0,false,False,new,experiments/results/BW_2_2/boolean_2/46.onnx,BW,1,8,0.03428571428571429
8,5.0,5.0,6.0,6.0,179.0,2.0,0.0,1.0,0.0,12.54,15.0,false,False,new,experiments/results/BW_2_2/boolean_2/46.onnx,BW,1,9,0.0335195530726257
9,5.0,5.0,6.0,6.0,173.0,2.0,0.0,1.0,0.0,12.54,15.0,false,False,new,experiments/results/BW_2_2/boolean_2/46.onnx,BW,1,10,0.03468208092485549
10,5.0,5.0,6.0,6.0,173.0,2.0,0.0,1.0,0.0,12.54,15.0,false,False,new,experiments/results/BW_2_2/boolean_2/46.onnx,BW,1,11,0.03468208092485549
11,5.0,5.0,6.0,6.0,172.0,2.0,0.0,1.0,0.0,13.02,14.0,false,False,new,experiments/results/BW_2_2/boolean_2/46.onnx,BW,1,12,0.03488372093023256
12,5.0,5.0,6.0,6.0,173.0,2.0,0.0,1.0,0.0,12.54,13.0,false,False,new,experiments/results/BW_2_2/boolean_2/46.onnx,BW,1,13,0.03468208092485549
13,5.0,5.0,6.0,6.0,174.0,2.0,0.0,1.0,0.0,12.54,15.0,false,False,new,experiments/results/BW_2_2/boolean_2/46.onnx,BW,1,14,0.034482758620689655
14,5.0,5.0,6.0,6.0,170.0,2.0,0.0,1.0,0.0,12.54,12.0,false,False,new,experiments/results/BW_2_2/boolean_2/46.onnx,BW,1,15,0.03529411764705882
15,11.0,11.0,14.0,14.0,176.0,4.0,0.0,1.0,0.0,14.51,17.0,false,False,new,experiments/results/BW_2_2/boolean_2/46.onnx,BW,2,1,0.07954545454545454
16,15.0,15.0,20.0,20.0,185.0,6.0,0.0,1.0,0.0,16.0,23.0,false,False,new,experiments/results/BW_2_2/boolean_2/46.onnx,BW,2,2,0.10810810810810811
17,19.0,19.0,26.0,26.0,189.0,8.0,0.0,1.0,0.0,16.0,25.0,false,False,new,experiments/results/BW_2_2/boolean_2/46.onnx,BW,2,3,0.13756613756613756
18,23.0,23.0,32.0,32.0,188.0,10.0,0.0,1.0,0.0,15.5,28.0,false,False,new,experiments/results/BW_2_2/boolean_2/46.onnx,BW,2,4,0.1702127659574468
19,27.0,27.0,38.0,38.0,200.0,12.0,0.0,1.0,0.0,15.98,34.0,false,False,new,experiments/results/BW_2_2/boolean_2/46.onnx,BW,2,5,0.19
20,31.0,31.0,44.0,44.0,198.0,14.0,0.0,1.0,0.0,15.98,27.0,false,False,new,experiments/results/BW_2_2/boolean_2/46.onnx,BW,2,6,0.2222222222222222
21,35.0,35.0,50.0,50.0,201.0,16.0,0.0,1.0,0.0,16.48,32.0,false,False,new,experiments/results/BW_2_2/boolean_2/46.onnx,BW,2,7,0.24875621890547264
22,39.0,39.0,56.0,56.0,203.0,18.0,0.0,1.0,0.0,16.48,34.0,false,False,new,experiments/results/BW_2_2/boolean_2/46.onnx,BW,2,8,0.27586206896551724
23,43.0,43.0,62.0,62.0,214.0,20.0,0.0,1.0,0.0,16.96,48.0,false,False,new,experiments/results/BW_2_2/boolean_2/46.onnx,BW,2,9,0.2897196261682243
24,47.0,47.0,68.0,68.0,215.0,22.0,0.0,1.0,0.0,17.44,37.0,false,False,new,experiments/results/BW_2_2/boolean_2/46.onnx,BW,2,10,0.31627906976744186
25,51.0,51.0,74.0,74.0,218.0,24.0,0.0,1.0,0.0,17.92,47.0,false,False,new,experiments/results/BW_2_2/boolean_2/46.onnx,BW,2,11,0.3394495412844037
26,55.0,55.0,80.0,80.0,223.0,26.0,0.0,1.0,0.0,18.48,48.0,false,False,new,experiments/results/BW_2_2/boolean_2/46.onnx,BW,2,12,0.35874439461883406
27,59.0,59.0,86.0,86.0,223.0,28.0,0.0,1.0,0.0,18.96,45.0,false,False,new,experiments/results/BW_2_2/boolean_2/46.onnx,BW,2,13,0.38565022421524664
28,63.0,63.0,92.0,92.0,228.0,30.0,0.0,1.0,0.0,19.92,51.0,false,False,new,experiments/results/BW_2_2/boolean_2/46.onnx,BW,2,14,0.40350877192982454
29,67.0,67.0,98.0,98.0,233.0,32.0,0.0,1.0,0.0,20.48,46.0,false,False,new,experiments/results/BW_2_2/boolean_2/46.onnx,BW,2,15,0.4206008583690987
30,23.0,23.0,30.0,30.0,190.0,8.0,0.0,1.0,0.0,15.5,28.0,false,False,new,experiments/results/BW_2_2/boolean_2/46.onnx,BW,3,1,0.15789473684210525
31,33.0,33.0,45.0,45.0,211.0,10.0,0.0,1.0,0.0,15.98,45.0,false,False,new,experiments/results/BW_2_2/boolean_2/46.onnx,BW,3,2,0.2132701421800948
32,43.0,43.0,60.0,60.0,219.0,12.0,0.0,1.0,0.0,16.48,47.0,false,False,new,experiments/results/BW_2_2/boolean_2/46.onnx,BW,3,3,0.273972602739726
33,53.0,53.0,75.0,75.0,224.0,14.0,0.0,1.0,0.0,17.44,54.0,false,False,new,experiments/results/BW_2_2/boolean_2/46.onnx,BW,3,4,0.33482142857142855
34,63.0,63.0,90.0,90.0,244.0,16.0,0.0,1.0,0.0,18.48,65.0,false,False,new,experiments/results/BW_2_2/boolean_2/46.onnx,BW,3,5,0.36885245901639346
35,73.0,73.0,105.0,105.0,263.0,18.0,0.0,1.0,0.0,18.96,85.0,false,False,new,experiments/results/BW_2_2/boolean_2/46.onnx,BW,3,6,0.39923954372623577
36,83.0,83.0,120.0,120.0,258.0,20.0,0.0,1.0,0.0,19.92,83.0,false,False,new,experiments/results/BW_2_2/boolean_2/46.onnx,BW,3,7,0.46511627906976744
37,93.0,93.0,135.0,135.0,269.0,22.0,0.0,1.0,0.0,20.96,88.0,false,False,new,experiments/results/BW_2_2/boolean_2/46.onnx,BW,3,8,0.5018587360594795
38,103.0,103.0,150.0,150.0,283.0,24.0,0.0,1.0,0.0,21.92,89.0,false,False,new,experiments/results/BW_2_2/boolean_2/46.onnx,BW,3,9,0.5300353356890459
39,113.0,113.0,165.0,165.0,296.0,26.0,0.0,1.0,0.0,23.44,97.0,false,False,new,experiments/results/BW_2_2/boolean_2/46.onnx,BW,3,10,0.5574324324324325
40,123.0,123.0,180.0,180.0,299.0,28.0,0.0,1.0,0.0,24.96,103.0,false,False,new,experiments/results/BW_2_2/boolean_2/46.onnx,BW,3,11,0.6020066889632107
41,133.0,133.0,195.0,195.0,299.0,30.0,0.0,1.0,0.0,26.48,106.0,false,False,new,experiments/results/BW_2_2/boolean_2/46.onnx,BW,3,12,0.6521739130434783
42,143.0,143.0,210.0,210.0,324.0,32.0,0.0,1.0,0.0,7.88,106.0,false,False,new,experiments/results/BW_2_2/boolean_2/46.onnx,BW,3,13,0.6481481481481481
43,153.0,153.0,225.0,225.0,333.0,34.0,0.0,1.0,0.0,15.92,124.0,false,False,new,experiments/results/BW_2_2/boolean_2/46.onnx,BW,3,14,0.6756756756756757
44,163.0,163.0,240.0,240.0,357.0,36.0,0.0,1.0,0.0,18.97,140.0,false,False,new,experiments/results/BW_2_2/boolean_2/46.onnx,BW,3,15,0.6722689075630253
45,47.0,47.0,62.0,62.0,224.0,16.0,0.0,1.0,0.0,16.48,51.0,false,False,new,experiments/results/BW_2_2/boolean_2/46.onnx,BW,4,1,0.2767857142857143
46,65.0,65.0,89.0,89.0,249.0,18.0,0.0,1.0,0.0,18.0,64.0,false,False,new,experiments/results/BW_2_2/boolean_2/46.onnx,BW,4,2,0.357429718875502
47,83.0,83.0,116.0,116.0,263.0,20.0,0.0,1.0,0.0,19.44,87.0,false,False,new,experiments/results/BW_2_2/boolean_2/46.onnx,BW,4,3,0.44106463878326996
48,101.0,101.0,143.0,143.0,295.0,22.0,0.0,1.0,0.0,20.96,107.0,false,False,new,experiments/results/BW_2_2/boolean_2/46.onnx,BW,4,4,0.4847457627118644
49,119.0,119.0,170.0,170.0,300.0,24.0,0.0,1.0,0.0,22.48,117.0,false,False,new,experiments/results/BW_2_2/boolean_2/46.onnx,BW,4,5,0.5666666666666667
50,137.0,137.0,197.0,197.0,326.0,26.0,0.0,1.0,0.0,24.48,135.0,false,False,new,experiments/results/BW_2_2/boolean_2/46.onnx,BW,4,6,0.6042944785276073
51,155.0,155.0,224.0,224.0,358.0,28.0,0.0,1.0,0.0,26.48,165.0,false,False,new,experiments/results/BW_2_2/boolean_2/46.onnx,BW,4,7,0.6256983240223464
52,173.0,173.0,251.0,251.0,365.0,30.0,0.0,1.0,0.0,13.98,148.0,false,False,new,experiments/results/BW_2_2/boolean_2/46.onnx,BW,4,8,0.6876712328767123
53,191.0,191.0,278.0,278.0,394.0,32.0,0.0,1.0,0.0,17.95,172.0,false,False,new,experiments/results/BW_2_2/boolean_2/46.onnx,BW,4,9,0.7055837563451777
54,209.0,209.0,305.0,305.0,394.0,34.0,0.0,1.0,0.0,22.1,169.0,false,False,new,experiments/results/BW_2_2/boolean_2/46.onnx,BW,4,10,0.7741116751269036
55,227.0,227.0,332.0,332.0,417.0,36.0,0.0,1.0,0.0,27.15,183.0,false,False,new,experiments/results/BW_2_2/boolean_2/46.onnx,BW,4,11,0.7961630695443646
56,245.0,245.0,359.0,359.0,408.0,38.0,0.0,1.0,0.0,31.15,167.0,false,False,new,experiments/results/BW_2_2/boolean_2/46.onnx,BW,4,12,0.8799019607843137
57,263.0,263.0,386.0,386.0,446.0,40.0,0.0,1.0,0.0,37.13,207.0,false,False,new,experiments/results/BW_2_2/boolean_2/46.onnx,BW,4,13,0.8654708520179372
58,281.0,281.0,413.0,413.0,433.0,42.0,0.0,1.0,0.0,42.17,175.0,false,False,new,experiments/results/BW_2_2/boolean_2/46.onnx,BW,4,14,0.953810623556582
59,299.0,299.0,440.0,440.0,511.0,44.0,0.0,1.0,0.0,46.23,238.0,false,False,new,experiments/results/BW_2_2/boolean_2/46.onnx,BW,4,15,0.8610567514677103
60,95.0,95.0,126.0,126.0,264.0,32.0,0.0,1.0,0.0,19.92,82.0,false,False,new,experiments/results/BW_2_2/boolean_2/46.onnx,BW,5,1,0.4772727272727273
61,129.0,129.0,177.0,177.0,329.0,34.0,0.0,1.0,0.0,22.96,141.0,false,False,new,experiments/results/BW_2_2/boolean_2/46.onnx,BW,5,2,0.5379939209726444
62,163.0,163.0,228.0,228.0,333.0,36.0,0.0,1.0,0.0,26.48,132.0,false,False,new,experiments/results/BW_2_2/boolean_2/46.onnx,BW,5,3,0.6846846846846847
63,197.0,197.0,279.0,279.0,396.0,38.0,0.0,1.0,0.0,18.01,171.0,false,False,new,experiments/results/BW_2_2/boolean_2/46.onnx,BW,5,4,0.7045454545454546
64,231.0,231.0,330.0,330.0,389.0,40.0,0.0,1.0,0.0,23.06,166.0,false,False,new,experiments/results/BW_2_2/boolean_2/46.onnx,BW,5,5,0.8483290488431876
65,265.0,265.0,381.0,381.0,432.0,42.0,0.0,1.0,0.0,29.11,192.0,false,False,new,experiments/results/BW_2_2/boolean_2/46.onnx,BW,5,6,0.8819444444444444
66,299.0,299.0,432.0,432.0,466.0,44.0,0.0,1.0,0.0,37.07,215.0,false,False,new,experiments/results/BW_2_2/boolean_2/46.onnx,BW,5,7,0.927038626609442
67,333.0,333.0,483.0,483.0,507.0,46.0,0.0,1.0,0.0,47.15,235.0,false,False,new,experiments/results/BW_2_2/boolean_2/46.onnx,BW,5,8,0.9526627218934911
68,367.0,367.0,534.0,534.0,507.0,48.0,0.0,1.0,0.0,58.17,239.0,false,False,new,experiments/results/BW_2_2/boolean_2/46.onnx,BW,5,9,1.0532544378698225
69,401.0,401.0,585.0,585.0,613.0,50.0,0.0,1.0,0.0,70.23,288.0,false,False,new,experiments/results/BW_2_2/boolean_2/46.onnx,BW,5,10,0.9543230016313213
70,435.0,435.0,636.0,636.0,610.0,52.0,0.0,1.0,0.0,84.29,294.0,false,False,new,experiments/results/BW_2_2/boolean_2/46.onnx,BW,5,11,1.042622950819672
71,469.0,469.0,687.0,687.0,647.0,54.0,0.0,1.0,0.0,98.34,295.0,false,False,new,experiments/results/BW_2_2/boolean_2/46.onnx,BW,5,12,1.061823802163833
72,503.0,503.0,738.0,738.0,696.0,56.0,0.0,1.0,0.0,111.32,333.0,false,False,new,experiments/results/BW_2_2/boolean_2/46.onnx,BW,5,13,1.0603448275862069
73,537.0,537.0,789.0,789.0,769.0,58.0,0.0,1.0,0.0,127.38,380.0,false,False,new,experiments/results/BW_2_2/boolean_2/46.onnx,BW,5,14,1.0260078023407022
74,571.0,571.0,840.0,840.0,802.0,60.0,0.0,1.0,0.0,133.35,387.0,false,False,new,experiments/results/BW_2_2/boolean_2/46.onnx,BW,5,15,1.0473815461346634
75,191.0,191.0,254.0,254.0,346.0,64.0,0.0,1.0,0.0,15.87,137.0,false,False,new,experiments/results/BW_2_2/boolean_2/46.onnx,BW,6,1,0.7341040462427746
76,257.0,257.0,353.0,353.0,409.0,66.0,0.0,1.0,0.0,27.03,177.0,false,False,new,experiments/results/BW_2_2/boolean_2/46.onnx,BW,6,2,0.863080684596577
77,323.0,323.0,452.0,452.0,515.0,68.0,0.0,1.0,0.0,38.03,267.0,false,False,new,experiments/results/BW_2_2/boolean_2/46.onnx,BW,6,3,0.8776699029126214
78,389.0,389.0,551.0,551.0,539.0,70.0,0.0,1.0,0.0,52.16,273.0,false,False,new,experiments/results/BW_2_2/boolean_2/46.onnx,BW,6,4,1.0222634508348794
79,455.0,455.0,650.0,650.0,593.0,72.0,0.0,1.0,0.0,81.13,290.0,false,False,new,experiments/results/BW_2_2/boolean_2/46.onnx,BW,6,5,1.0961214165261384
80,521.0,521.0,749.0,749.0,715.0,74.0,0.0,1.0,0.0,107.22,361.0,false,False,new,experiments/results/BW_2_2/boolean_2/46.onnx,BW,6,6,1.0475524475524476
81,587.0,587.0,848.0,848.0,769.0,76.0,0.0,1.0,0.0,135.21,418.0,false,False,new,experiments/results/BW_2_2/boolean_2/46.onnx,BW,6,7,1.1027308192457737
82,653.0,653.0,947.0,947.0,845.0,78.0,0.0,1.0,0.0,28.99,438.0,false,False,new,experiments/results/BW_2_2/boolean_2/46.onnx,BW,6,8,1.1207100591715977
83,719.0,719.0,1046.0,1046.0,904.0,80.0,0.0,1.0,0.0,60.93,493.0,false,False,new,experiments/results/BW_2_2/boolean_2/46.onnx,BW,6,9,1.157079646017699
84,785.0,785.0,1145.0,1145.0,1003.0,82.0,0.0,1.0,0.0,101.2,570.0,false,False,new,experiments/results/BW_2_2/boolean_2/46.onnx,BW,6,10,1.1415752741774676
85,851.0,851.0,1244.0,1244.0,1066.0,84.0,0.0,1.0,0.0,142.48,609.0,false,False,new,experiments/results/BW_2_2/boolean_2/46.onnx,BW,6,11,1.1669793621013134
86,917.0,917.0,1343.0,1343.0,1166.0,86.0,0.0,1.0,0.0,50.74,645.0,false,False,new,experiments/results/BW_2_2/boolean_2/46.onnx,BW,6,12,1.1518010291595198
87,983.0,983.0,1442.0,1442.0,1259.0,88.0,0.0,1.0,0.0,102.4,736.0,false,False,new,experiments/results/BW_2_2/boolean_2/46.onnx,BW,6,13,1.1453534551231135
88,1049.0,1049.0,1541.0,1541.0,1331.0,90.0,0.0,1.0,0.0,14.68,779.0,false,False,new,experiments/results/BW_2_2/boolean_2/46.onnx,BW,6,14,1.1577761081893314
89,1115.0,1115.0,1640.0,1640.0,1447.0,92.0,0.0,1.0,0.0,79.08,840.0,false,False,new,experiments/results/BW_2_2/boolean_2/46.onnx,BW,6,15,1.133379405666897
90,383.0,383.0,510.0,510.0,509.0,128.0,0.0,1.0,0.0,57.0,206.0,false,False,new,experiments/results/BW_2_2/boolean_2/46.onnx,BW,7,1,1.0019646365422397
91,513.0,513.0,705.0,705.0,670.0,130.0,0.0,1.0,0.0,104.05,332.0,false,False,new,experiments/results/BW_2_2/boolean_2/46.onnx,BW,7,2,1.0522388059701493
92,643.0,643.0,900.0,900.0,834.0,132.0,0.0,1.0,0.0,18.64,403.0,false,False,new,experiments/results/BW_2_2/boolean_2/46.onnx,BW,7,3,1.079136690647482
93,773.0,773.0,1095.0,1095.0,937.0,134.0,0.0,1.0,0.0,87.12,516.0,false,False,new,experiments/results/BW_2_2/boolean_2/46.onnx,BW,7,4,1.1686232657417288
94,903.0,903.0,1290.0,1290.0,1122.0,136.0,0.0,1.0,0.0,24.91,623.0,false,False,new,experiments/results/BW_2_2/boolean_2/46.onnx,BW,7,5,1.1497326203208555
95,1033.0,1033.0,1485.0,1485.0,1279.0,138.0,0.0,1.0,0.0,115.79,756.0,false,False,new,experiments/results/BW_2_2/boolean_2/46.onnx,BW,7,6,1.1610633307271305
96,1163.0,1163.0,1680.0,1680.0,1507.0,140.0,0.0,1.0,0.0,77.7,883.0,false,False,new,experiments/results/BW_2_2/boolean_2/46.onnx,BW,7,7,1.114797611147976
97,1293.0,1293.0,1875.0,1875.0,1620.0,142.0,0.0,1.0,0.0,53.82,1019.0,false,False,new,experiments/results/BW_2_2/boolean_2/46.onnx,BW,7,8,1.1574074074074074
98,1423.0,1423.0,2070.0,2070.0,1906.0,144.0,0.0,1.0,0.0,42.0,1203.0,false,False,new,experiments/results/BW_2_2/boolean_2/46.onnx,BW,7,9,1.0860440713536201
99,1553.0,1553.0,2265.0,2265.0,2150.0,146.0,0.0,1.0,0.0,45.91,1363.0,false,False,new,experiments/results/BW_2_2/boolean_2/46.onnx,BW,7,10,1.0534883720930233
100,1683.0,1683.0,2460.0,2460.0,2387.0,148.0,0.0,1.0,0.0,31.26,1504.0,false,False,new,experiments/results/BW_2_2/boolean_2/46.onnx,BW,7,11,1.0305823209049016
101,1813.0,1813.0,2655.0,2655.0,2851.0,150.0,0.0,1.0,0.0,136.77,1871.0,false,False,new,experiments/results/BW_2_2/boolean_2/46.onnx,BW,7,12,0.9312521922132585
102,1943.0,1943.0,2850.0,2850.0,2939.0,152.0,0.0,1.0,0.0,178.0,1861.0,false,False,new,experiments/results/BW_2_2/boolean_2/46.onnx,BW,7,13,0.9697175910173529
103,2073.0,2073.0,3045.0,3045.0,3421.0,154.0,0.0,1.0,0.0,207.32,2151.0,false,False,new,experiments/results/BW_2_2/boolean_2/46.onnx,BW,7,14,0.8900906167787197
104,2203.0,2203.0,3240.0,3240.0,3658.0,156.0,0.0,1.0,0.0,142.76,2275.0,false,False,new,experiments/results/BW_2_2/boolean_2/46.onnx,BW,7,15,0.8857299070530344
105,767.0,767.0,1022.0,1022.0,978.0,256.0,0.0,1.0,0.0,89.23,456.0,false,False,new,experiments/results/BW_2_2/boolean_2/46.onnx,BW,8,1,1.0449897750511248
106,1025.0,1025.0,1409.0,1409.0,1265.0,258.0,0.0,1.0,0.0,131.92,661.0,false,False,new,experiments/results/BW_2_2/boolean_2/46.onnx,BW,8,2,1.1138339920948617
107,1283.0,1283.0,1796.0,1796.0,1678.0,260.0,0.0,1.0,0.0,66.17,929.0,false,False,new,experiments/results/BW_2_2/boolean_2/46.onnx,BW,8,3,1.0703218116805722
108,1541.0,1541.0,2183.0,2183.0,2138.0,262.0,0.0,1.0,0.0,37.22,1252.0,false,False,new,experiments/results/BW_2_2/boolean_2/46.onnx,BW,8,4,1.0210477081384473
109,1799.0,1799.0,2570.0,2570.0,2686.0,264.0,0.0,1.0,0.0,29.35,1640.0,false,False,new,experiments/results/BW_2_2/boolean_2/46.onnx,BW,8,5,0.956813104988831
110,2057.0,2057.0,2957.0,2957.0,3238.0,266.0,0.0,1.0,0.0,178.25,1991.0,false,False,new,experiments/results/BW_2_2/boolean_2/46.onnx,BW,8,6,0.913218035824583
111,2315.0,2315.0,3344.0,3344.0,3857.0,268.0,0.0,1.0,0.0,65.0,2486.0,false,False,new,experiments/results/BW_2_2/boolean_2/46.onnx,BW,8,7,0.8669950738916257
112,2573.0,2573.0,3731.0,3731.0,4790.0,270.0,0.0,1.0,0.0,32.07,3062.0,false,False,new,experiments/results/BW_2_2/boolean_2/46.onnx,BW,8,8,0.7789144050104384
113,2831.0,2831.0,4118.0,4118.0,5542.0,272.0,0.0,1.0,0.0,131.72,3576.0,false,False,new,experiments/results/BW_2_2/boolean_2/46.onnx,BW,8,9,0.7430530494406351
114,3089.0,3089.0,4505.0,4505.0,6792.0,274.0,0.0,1.0,0.0,48.8,4324.0,false,False,new,experiments/results/BW_2_2/boolean_2/46.onnx,BW,8,10,0.6632803297997645
115,3347.0,3347.0,4892.0,4892.0,8195.0,276.0,0.0,1.0,0.0,84.29,5416.0,false,False,new,experiments/results/BW_2_2/boolean_2/46.onnx,BW,8,11,0.5969493593654668
116,3605.0,3605.0,5279.0,5279.0,8890.0,278.0,0.0,1.0,0.0,144.3,5900.0,false,False,new,experiments/results/BW_2_2/boolean_2/46.onnx,BW,8,12,0.5938132733408324
117,3863.0,3863.0,5666.0,5666.0,9845.0,280.0,0.0,1.0,0.0,173.74,6404.0,false,False,new,experiments/results/BW_2_2/boolean_2/46.onnx,BW,8,13,0.5755205688166583
118,4121.0,4121.0,6053.0,6053.0,11395.0,282.0,0.0,1.0,0.0,203.03,7391.0,false,False,new,experiments/results/BW_2_2/boolean_2/46.onnx,BW,8,14,0.5311978938130759
119,4379.0,4379.0,6440.0,6440.0,13104.0,284.0,0.0,1.0,0.0,44.29,8611.0,false,False,new,experiments/results/BW_2_2/boolean_2/46.onnx,BW,8,15,0.49145299145299143
120,1535.0,1535.0,2046.0,2046.0,1813.0,512.0,0.0,1.0,0.0,120.3,763.0,false,False,new,experiments/results/BW_2_2/boolean_2/46.onnx,BW,9,1,1.1285162713734143
121,2049.0,2049.0,2817.0,2817.0,3281.0,514.0,0.0,1.0,0.0,169.87,1720.0,false,False,new,experiments/results/BW_2_2/boolean_2/46.onnx,BW,9,2,0.858579701310576
122,2563.0,2563.0,3588.0,3588.0,4944.0,516.0,0.0,1.0,0.0,165.32,2745.0,false,False,new,experiments/results/BW_2_2/boolean_2/46.onnx,BW,9,3,0.7257281553398058
123,3077.0,3077.0,4359.0,4359.0,6800.0,518.0,0.0,1.0,0.0,37.24,3950.0,false,False,new,experiments/results/BW_2_2/boolean_2/46.onnx,BW,9,4,0.6410294117647058
124,3591.0,3591.0,5130.0,5130.0,9079.0,520.0,0.0,1.0,0.0,278.66,5388.0,false,False,new,experiments/results/BW_2_2/boolean_2/46.onnx,BW,9,5,0.5650402026654918
125,4105.0,4105.0,5901.0,5901.0,11309.0,522.0,0.0,1.0,0.0,101.48,6853.0,false,False,new,experiments/results/BW_2_2/boolean_2/46.onnx,BW,9,6,0.5217967990096384
126,4619.0,4619.0,6672.0,6672.0,14907.0,524.0,0.0,1.0,0.0,143.86,9080.0,false,False,new,experiments/results/BW_2_2/boolean_2/46.onnx,BW,9,7,0.4475749647816462
127,5133.0,5133.0,7443.0,7443.0,17726.0,526.0,0.0,1.0,0.0,157.23,11288.0,false,False,new,experiments/results/BW_2_2/boolean_2/46.onnx,BW,9,8,0.41989168453119713
128,5647.0,5647.0,8214.0,8214.0,21569.0,528.0,0.0,1.0,0.0,81.17,13771.0,false,False,new,experiments/results/BW_2_2/boolean_2/46.onnx,BW,9,9,0.38082433121609716
129,6161.0,6161.0,8985.0,8985.0,25923.0,530.0,0.0,1.0,0.0,119.98,16803.0,false,False,new,experiments/results/BW_2_2/boolean_2/46.onnx,BW,9,10,0.34660340238398335
130,6675.0,6675.0,9756.0,9756.0,30220.0,532.0,0.0,1.0,0.0,272.88,19687.0,false,False,new,experiments/results/BW_2_2/boolean_2/46.onnx,BW,9,11,0.3228325612177366
131,7189.0,7189.0,10527.0,10527.0,35140.0,534.0,0.0,1.0,0.0,40.4,23159.0,false,False,new,experiments/results/BW_2_2/boolean_2/46.onnx,BW,9,12,0.2995731360273193
132,7703.0,7703.0,11298.0,11298.0,40983.0,536.0,0.0,1.0,0.0,288.24,27107.0,false,False,new,experiments/results/BW_2_2/boolean_2/46.onnx,BW,9,13,0.27567527999414393
133,8217.0,8217.0,12069.0,12069.0,46565.0,538.0,0.0,1.0,0.0,77.46,31045.0,false,False,new,experiments/results/BW_2_2/boolean_2/46.onnx,BW,9,14,0.25918608396864595
134,8731.0,8731.0,12840.0,12840.0,52254.0,540.0,0.0,1.0,0.0,105.78,34960.0,false,False,new,experiments/results/BW_2_2/boolean_2/46.onnx,BW,9,15,0.2457228154782409
135,3071.0,3071.0,4094.0,4094.0,5687.0,1024.0,0.0,1.0,0.0,136.22,1927.0,false,False,new,experiments/results/BW_2_2/boolean_2/46.onnx,BW,10,1,0.7198874626340778
136,4097.0,4097.0,5633.0,5633.0,12500.0,1026.0,0.0,1.0,0.0,143.6,5960.0,false,False,new,experiments/results/BW_2_2/boolean_2/46.onnx,BW,10,2,0.45064
137,5123.0,5123.0,7172.0,7172.0,18547.0,1028.0,0.0,1.0,0.0,36.09,9651.0,false,False,new,experiments/results/BW_2_2/boolean_2/46.onnx,BW,10,3,0.3866932657572653
138,6149.0,6149.0,8711.0,8711.0,26778.0,1030.0,0.0,1.0,0.0,121.35,14927.0,false,False,new,experiments/results/BW_2_2/boolean_2/46.onnx,BW,10,4,0.32530435432071103
139,7175.0,7175.0,10250.0,10250.0,35793.0,1032.0,0.0,1.0,0.0,219.52,20783.0,false,False,new,experiments/results/BW_2_2/boolean_2/46.onnx,BW,10,5,0.286368843069874
140,8201.0,8201.0,11789.0,11789.0,48908.0,1034.0,0.0,1.0,0.0,238.03,29654.0,false,False,new,experiments/results/BW_2_2/boolean_2/46.onnx,BW,10,6,0.24104440991248877
141,9227.0,9227.0,13328.0,13328.0,60901.0,1036.0,0.0,1.0,0.0,48.71,37696.0,false,False,new,experiments/results/BW_2_2/boolean_2/46.onnx,BW,10,7,0.21884698116615492
142,10253.0,10253.0,14867.0,14867.0,74614.0,1038.0,0.0,1.0,0.0,77.85,47564.0,false,False,new,experiments/results/BW_2_2/boolean_2/46.onnx,BW,10,8,0.19925215107084462
143,11279.0,11279.0,16406.0,16406.0,89586.0,1040.0,0.0,1.0,0.0,71.66,57095.0,false,False,new,experiments/results/BW_2_2/boolean_2/46.onnx,BW,10,9,0.18313129283593418
144,12305.0,12305.0,17945.0,17945.0,106453.0,1042.0,0.0,1.0,0.0,276.64,68687.0,false,False,new,experiments/results/BW_2_2/boolean_2/46.onnx,BW,10,10,0.16857204587940217
145,13331.0,13331.0,19484.0,19484.0,123837.0,1044.0,0.0,1.0,0.0,97.39,80582.0,false,False,new,experiments/results/BW_2_2/boolean_2/46.onnx,BW,10,11,0.15733585277421125
146,14357.0,14357.0,21023.0,21023.0,149620.0,1046.0,0.0,1.0,0.0,94.23,100178.0,false,False,new,experiments/results/BW_2_2/boolean_2/46.onnx,BW,10,12,0.14050929020184466
147,15383.0,15383.0,22562.0,22562.0,170355.0,1048.0,0.0,1.0,0.0,175.8,114205.0,false,False,new,experiments/results/BW_2_2/boolean_2/46.onnx,BW,10,13,0.1324410789234246
148,16409.0,16409.0,24101.0,24101.0,192350.0,1050.0,0.0,1.0,0.0,357.6,128277.0,false,False,new,experiments/results/BW_2_2/boolean_2/46.onnx,BW,10,14,0.12529763452040552
149,17435.0,17435.0,25640.0,25640.0,218259.0,1052.0,0.0,1.0,0.0,86.43,147678.0,false,False,new,experiments/results/BW_2_2/boolean_2/46.onnx,BW,10,15,0.11747510984655844
150,6143.0,6143.0,8190.0,8190.0,21724.0,2048.0,0.0,1.0,0.0,207.5,5792.0,false,False,new,experiments/results/BW_2_2/boolean_2/46.onnx,BW,11,1,0.37700239366599153
151,8193.0,8193.0,11265.0,11265.0,51250.0,2050.0,0.0,1.0,0.0,285.07,23058.0,false,False,new,experiments/results/BW_2_2/boolean_2/46.onnx,BW,11,2,0.2198048780487805
152,10243.0,10243.0,14340.0,14340.0,78873.0,2052.0,0.0,1.0,0.0,137.79,40409.0,false,False,new,experiments/results/BW_2_2/boolean_2/46.onnx,BW,11,3,0.18181126621277244
153,12293.0,12293.0,17415.0,17415.0,113701.0,2054.0,0.0,1.0,0.0,64.91,61007.0,false,False,new,experiments/results/BW_2_2/boolean_2/46.onnx,BW,11,4,0.15316487981636046
154,14343.0,14343.0,20490.0,20490.0,154337.0,2056.0,0.0,1.0,0.0,69.08,88077.0,false,False,new,experiments/results/BW_2_2/boolean_2/46.onnx,BW,11,5,0.13276142467457577
155,16393.0,16393.0,23565.0,23565.0,199136.0,2058.0,0.0,1.0,0.0,99.35,118031.0,false,False,new,experiments/results/BW_2_2/boolean_2/46.onnx,BW,11,6,0.118336212437731
156,18443.0,18443.0,26640.0,26640.0,252879.0,2060.0,0.0,1.0,0.0,114.73,153664.0,false,False,new,experiments/results/BW_2_2/boolean_2/46.onnx,BW,11,7,0.10534682595233294
157,20493.0,20493.0,29715.0,29715.0,314485.0,2062.0,0.0,1.0,0.0,234.31,194905.0,false,False,new,experiments/results/BW_2_2/boolean_2/46.onnx,BW,11,8,0.0944878134092246
158,22543.0,22543.0,32790.0,32790.0,384706.0,2064.0,0.0,1.0,0.0,197.02,244791.0,false,False,new,experiments/results/BW_2_2/boolean_2/46.onnx,BW,11,9,0.08523391888870982
159,24593.0,24593.0,35865.0,35865.0,453480.0,2066.0,0.0,1.0,0.0,133.14,294542.0,false,False,new,experiments/results/BW_2_2/boolean_2/46.onnx,BW,11,10,0.07908838317015084
160,26643.0,26643.0,38940.0,38940.0,536017.0,2068.0,0.0,1.0,0.0,181.8,347492.0,false,False,new,experiments/results/BW_2_2/boolean_2/46.onnx,BW,11,11,0.07264694963032889
161,,,,,,,,,,,,false,False,new,experiments/results/BW_2_2/boolean_2/46.onnx,BW,11,12,
162,12287.0,12287.0,16382.0,16382.0,96915.0,4096.0,0.0,1.0,0.0,326.21,22303.0,false,False,new,experiments/results/BW_2_2/boolean_2/46.onnx,BW,12,1,0.1690347211473972
163,,,,,,,,,,,,false,False,new,experiments/results/BW_2_2/boolean_2/46.onnx,BW,12,2,
164,24575.0,24575.0,32766.0,32766.0,427805.0,8192.0,0.0,1.0,0.0,97.02,88653.0,false,False,new,experiments/results/BW_2_2/boolean_2/46.onnx,BW,13,1,0.0765909701850142
165,,,,,,,,,,,,false,False,new,experiments/results/BW_2_2/boolean_2/46.onnx,BW,14,1,
