,expanded transitions,synthesis time(ms),OutOfMem,Exception,algorithm,heuristic,problem,n,k,transitions/ms,idx,expanded states,used states,used transitions,findNewGoals,findNewErrors,propagateGoals,propagateErrors,memory(mb),heuristic time(ms),expansion_budget_exceeded
0,,,False,True,new,experiments/results/DP_2_2/boolean/0.onnx,DP,1,1,,0,,,,,,,,,,
1,,,False,True,new,experiments/results/DP_2_2/boolean/1.onnx,DP,1,1,,1,,,,,,,,,,
2,,,False,True,new,experiments/results/DP_2_2/boolean/2.onnx,DP,1,1,,2,,,,,,,,,,
3,,,False,True,new,experiments/results/DP_2_2/boolean/3.onnx,DP,1,1,,3,,,,,,,,,,
4,,,False,True,new,experiments/results/DP_2_2/boolean/4.onnx,DP,1,1,,4,,,,,,,,,,
5,,,False,True,new,experiments/results/DP_2_2/boolean/5.onnx,DP,1,1,,5,,,,,,,,,,
6,,,False,True,new,experiments/results/DP_2_2/boolean/6.onnx,DP,1,1,,6,,,,,,,,,,
7,,,False,True,new,experiments/results/DP_2_2/boolean/7.onnx,DP,1,1,,7,,,,,,,,,,
8,,,False,True,new,experiments/results/DP_2_2/boolean/8.onnx,DP,1,1,,8,,,,,,,,,,
9,3.0,165.0,False,,new,experiments/results/DP_2_2/boolean/9.onnx,DP,1,1,0.01818181818181818,9,4.0,0.0,0.0,0.0,0.0,0.0,1.0,0.0,9.0,false
10,4.0,165.0,False,,new,experiments/results/DP_2_2/boolean/9.onnx,DP,1,2,0.024242424242424242,9,5.0,0.0,0.0,0.0,0.0,0.0,1.0,0.0,10.0,false
11,91.0,231.0,False,,new,experiments/results/DP_2_2/boolean/9.onnx,DP,2,1,0.3939393939393939,9,68.0,25.0,31.0,18.0,2.0,1.0,6.0,22.18,50.0,false
12,101.0,236.0,False,,new,experiments/results/DP_2_2/boolean/9.onnx,DP,2,2,0.4279661016949153,9,83.0,0.0,0.0,11.0,1.0,0.0,6.0,0.0,62.0,true
13,3.0,175.0,False,,new,experiments/results/DP_2_2/boolean/10.onnx,DP,1,1,0.017142857142857144,10,4.0,0.0,0.0,0.0,0.0,0.0,1.0,0.0,11.0,false
14,4.0,172.0,False,,new,experiments/results/DP_2_2/boolean/10.onnx,DP,1,2,0.023255813953488372,10,5.0,0.0,0.0,0.0,0.0,0.0,1.0,0.0,9.0,false
15,89.0,242.0,False,,new,experiments/results/DP_2_2/boolean/10.onnx,DP,2,1,0.3677685950413223,10,68.0,25.0,31.0,16.0,2.0,1.0,6.0,22.18,51.0,false
16,101.0,244.0,False,,new,experiments/results/DP_2_2/boolean/10.onnx,DP,2,2,0.4139344262295082,10,83.0,0.0,0.0,11.0,1.0,0.0,6.0,0.0,68.0,true
17,3.0,185.0,False,,new,experiments/results/DP_2_2/boolean/11.onnx,DP,1,1,0.016216216216216217,11,4.0,0.0,0.0,0.0,0.0,0.0,1.0,0.0,10.0,false
18,4.0,181.0,False,,new,experiments/results/DP_2_2/boolean/11.onnx,DP,1,2,0.022099447513812154,11,5.0,0.0,0.0,0.0,0.0,0.0,1.0,0.0,9.0,false
19,89.0,230.0,False,,new,experiments/results/DP_2_2/boolean/11.onnx,DP,2,1,0.3869565217391304,11,68.0,25.0,31.0,16.0,2.0,1.0,6.0,22.18,60.0,false
20,101.0,253.0,False,,new,experiments/results/DP_2_2/boolean/11.onnx,DP,2,2,0.39920948616600793,11,83.0,0.0,0.0,9.0,1.0,0.0,6.0,0.0,60.0,true
21,3.0,175.0,False,,new,experiments/results/DP_2_2/boolean/12.onnx,DP,1,1,0.017142857142857144,12,4.0,0.0,0.0,0.0,0.0,0.0,1.0,0.0,11.0,false
22,4.0,180.0,False,,new,experiments/results/DP_2_2/boolean/12.onnx,DP,1,2,0.022222222222222223,12,5.0,0.0,0.0,0.0,0.0,0.0,1.0,0.0,10.0,false
23,89.0,248.0,False,,new,experiments/results/DP_2_2/boolean/12.onnx,DP,2,1,0.3588709677419355,12,68.0,25.0,31.0,16.0,2.0,1.0,6.0,22.18,62.0,false
24,101.0,255.0,False,,new,experiments/results/DP_2_2/boolean/12.onnx,DP,2,2,0.396078431372549,12,82.0,0.0,0.0,10.0,1.0,0.0,6.0,0.0,68.0,true
25,3.0,167.0,False,,new,experiments/results/DP_2_2/boolean/13.onnx,DP,1,1,0.017964071856287425,13,4.0,0.0,0.0,0.0,0.0,0.0,1.0,0.0,10.0,false
26,4.0,173.0,False,,new,experiments/results/DP_2_2/boolean/13.onnx,DP,1,2,0.023121387283236993,13,5.0,0.0,0.0,0.0,0.0,0.0,1.0,0.0,11.0,false
27,67.0,219.0,False,,new,experiments/results/DP_2_2/boolean/13.onnx,DP,2,1,0.3059360730593607,13,54.0,23.0,27.0,8.0,2.0,1.0,6.0,21.14,44.0,false
28,89.0,224.0,False,,new,experiments/results/DP_2_2/boolean/13.onnx,DP,2,2,0.39732142857142855,13,72.0,25.0,29.0,9.0,1.0,1.0,6.0,21.62,49.0,false
29,3.0,168.0,False,,new,experiments/results/DP_2_2/boolean/14.onnx,DP,1,1,0.017857142857142856,14,4.0,0.0,0.0,0.0,0.0,0.0,1.0,0.0,12.0,false
30,4.0,168.0,False,,new,experiments/results/DP_2_2/boolean/14.onnx,DP,1,2,0.023809523809523808,14,5.0,0.0,0.0,0.0,0.0,0.0,1.0,0.0,11.0,false
31,84.0,251.0,False,,new,experiments/results/DP_2_2/boolean/14.onnx,DP,2,1,0.3346613545816733,14,65.0,25.0,31.0,13.0,2.0,1.0,6.0,21.62,64.0,false
32,101.0,243.0,False,,new,experiments/results/DP_2_2/boolean/14.onnx,DP,2,2,0.4156378600823045,14,82.0,0.0,0.0,11.0,1.0,0.0,6.0,0.0,49.0,true
33,3.0,165.0,False,,new,experiments/results/DP_2_2/boolean/15.onnx,DP,1,1,0.01818181818181818,15,4.0,0.0,0.0,0.0,0.0,0.0,1.0,0.0,10.0,false
34,4.0,171.0,False,,new,experiments/results/DP_2_2/boolean/15.onnx,DP,1,2,0.023391812865497075,15,5.0,0.0,0.0,0.0,0.0,0.0,1.0,0.0,10.0,false
35,68.0,227.0,False,,new,experiments/results/DP_2_2/boolean/15.onnx,DP,2,1,0.29955947136563876,15,55.0,23.0,27.0,8.0,2.0,1.0,6.0,21.14,50.0,false
36,90.0,227.0,False,,new,experiments/results/DP_2_2/boolean/15.onnx,DP,2,2,0.3964757709251101,15,73.0,25.0,29.0,8.0,2.0,1.0,6.0,22.18,59.0,false
37,3.0,167.0,False,,new,experiments/results/DP_2_2/boolean/16.onnx,DP,1,1,0.017964071856287425,16,4.0,0.0,0.0,0.0,0.0,0.0,1.0,0.0,10.0,false
38,4.0,177.0,False,,new,experiments/results/DP_2_2/boolean/16.onnx,DP,1,2,0.022598870056497175,16,5.0,0.0,0.0,0.0,0.0,0.0,1.0,0.0,12.0,false
39,67.0,214.0,False,,new,experiments/results/DP_2_2/boolean/16.onnx,DP,2,1,0.3130841121495327,16,55.0,23.0,27.0,7.0,2.0,1.0,6.0,21.14,40.0,false
40,90.0,230.0,False,,new,experiments/results/DP_2_2/boolean/16.onnx,DP,2,2,0.391304347826087,16,73.0,25.0,29.0,9.0,1.0,1.0,6.0,22.18,56.0,false
41,3.0,166.0,False,,new,experiments/results/DP_2_2/boolean/17.onnx,DP,1,1,0.018072289156626505,17,4.0,0.0,0.0,0.0,0.0,0.0,1.0,0.0,10.0,false
42,4.0,170.0,False,,new,experiments/results/DP_2_2/boolean/17.onnx,DP,1,2,0.023529411764705882,17,5.0,0.0,0.0,0.0,0.0,0.0,1.0,0.0,8.0,false
43,67.0,211.0,False,,new,experiments/results/DP_2_2/boolean/17.onnx,DP,2,1,0.3175355450236967,17,55.0,23.0,27.0,7.0,2.0,1.0,6.0,21.14,41.0,false
44,88.0,232.0,False,,new,experiments/results/DP_2_2/boolean/17.onnx,DP,2,2,0.3793103448275862,17,72.0,25.0,29.0,7.0,2.0,1.0,6.0,21.62,56.0,false
45,3.0,166.0,False,,new,experiments/results/DP_2_2/boolean/18.onnx,DP,1,1,0.018072289156626505,18,4.0,0.0,0.0,0.0,0.0,0.0,1.0,0.0,10.0,false
46,4.0,173.0,False,,new,experiments/results/DP_2_2/boolean/18.onnx,DP,1,2,0.023121387283236993,18,5.0,0.0,0.0,0.0,0.0,0.0,1.0,0.0,9.0,false
47,71.0,223.0,False,,new,experiments/results/DP_2_2/boolean/18.onnx,DP,2,1,0.3183856502242152,18,57.0,25.0,31.0,9.0,1.0,1.0,6.0,21.62,43.0,false
48,90.0,230.0,False,,new,experiments/results/DP_2_2/boolean/18.onnx,DP,2,2,0.391304347826087,18,74.0,25.0,29.0,8.0,1.0,1.0,6.0,21.7,53.0,false
49,3.0,170.0,False,,new,experiments/results/DP_2_2/boolean/19.onnx,DP,1,1,0.01764705882352941,19,4.0,0.0,0.0,0.0,0.0,0.0,1.0,0.0,10.0,false
50,4.0,170.0,False,,new,experiments/results/DP_2_2/boolean/19.onnx,DP,1,2,0.023529411764705882,19,5.0,0.0,0.0,0.0,0.0,0.0,1.0,0.0,11.0,false
51,67.0,221.0,False,,new,experiments/results/DP_2_2/boolean/19.onnx,DP,2,1,0.3031674208144796,19,55.0,23.0,27.0,8.0,1.0,1.0,6.0,21.14,52.0,false
52,86.0,221.0,False,,new,experiments/results/DP_2_2/boolean/19.onnx,DP,2,2,0.3891402714932127,19,71.0,25.0,29.0,6.0,2.0,1.0,6.0,21.62,48.0,false
53,3.0,167.0,False,,new,experiments/results/DP_2_2/boolean/20.onnx,DP,1,1,0.017964071856287425,20,4.0,0.0,0.0,0.0,0.0,0.0,1.0,0.0,12.0,false
54,4.0,167.0,False,,new,experiments/results/DP_2_2/boolean/20.onnx,DP,1,2,0.023952095808383235,20,5.0,0.0,0.0,0.0,0.0,0.0,1.0,0.0,11.0,false
55,99.0,237.0,False,,new,experiments/results/DP_2_2/boolean/20.onnx,DP,2,1,0.4177215189873418,20,73.0,27.0,35.0,19.0,2.0,1.0,6.0,22.66,48.0,false
56,101.0,237.0,False,,new,experiments/results/DP_2_2/boolean/20.onnx,DP,2,2,0.42616033755274263,20,82.0,0.0,0.0,11.0,2.0,0.0,6.0,0.0,54.0,true
57,3.0,166.0,False,,new,experiments/results/DP_2_2/boolean/21.onnx,DP,1,1,0.018072289156626505,21,4.0,0.0,0.0,0.0,0.0,0.0,1.0,0.0,10.0,false
58,4.0,166.0,False,,new,experiments/results/DP_2_2/boolean/21.onnx,DP,1,2,0.024096385542168676,21,5.0,0.0,0.0,0.0,0.0,0.0,1.0,0.0,11.0,false
59,99.0,233.0,False,,new,experiments/results/DP_2_2/boolean/21.onnx,DP,2,1,0.4248927038626609,21,73.0,27.0,35.0,19.0,2.0,1.0,6.0,22.66,53.0,false
60,101.0,240.0,False,,new,experiments/results/DP_2_2/boolean/21.onnx,DP,2,2,0.42083333333333334,21,82.0,0.0,0.0,11.0,2.0,0.0,6.0,0.0,65.0,true
61,3.0,171.0,False,,new,experiments/results/DP_2_2/boolean/22.onnx,DP,1,1,0.017543859649122806,22,4.0,0.0,0.0,0.0,0.0,0.0,1.0,0.0,12.0,false
62,4.0,167.0,False,,new,experiments/results/DP_2_2/boolean/22.onnx,DP,1,2,0.023952095808383235,22,5.0,0.0,0.0,0.0,0.0,0.0,1.0,0.0,10.0,false
63,82.0,222.0,False,,new,experiments/results/DP_2_2/boolean/22.onnx,DP,2,1,0.36936936936936937,22,62.0,27.0,35.0,11.0,2.0,1.0,8.0,21.62,49.0,false
64,101.0,245.0,False,,new,experiments/results/DP_2_2/boolean/22.onnx,DP,2,2,0.4122448979591837,22,81.0,0.0,0.0,9.0,2.0,0.0,9.0,0.0,68.0,true
65,3.0,167.0,False,,new,experiments/results/DP_2_2/boolean/23.onnx,DP,1,1,0.017964071856287425,23,4.0,0.0,0.0,0.0,0.0,0.0,1.0,0.0,11.0,false
66,4.0,167.0,False,,new,experiments/results/DP_2_2/boolean/23.onnx,DP,1,2,0.023952095808383235,23,5.0,0.0,0.0,0.0,0.0,0.0,1.0,0.0,10.0,false
67,79.0,218.0,False,,new,experiments/results/DP_2_2/boolean/23.onnx,DP,2,1,0.3623853211009174,23,61.0,27.0,35.0,11.0,2.0,1.0,6.0,21.62,47.0,false
68,97.0,239.0,False,,new,experiments/results/DP_2_2/boolean/23.onnx,DP,2,2,0.40585774058577406,23,78.0,25.0,29.0,11.0,2.0,1.0,6.0,22.18,57.0,false
69,3.0,165.0,False,,new,experiments/results/DP_2_2/boolean/24.onnx,DP,1,1,0.01818181818181818,24,4.0,0.0,0.0,0.0,0.0,0.0,1.0,0.0,12.0,false
70,4.0,167.0,False,,new,experiments/results/DP_2_2/boolean/24.onnx,DP,1,2,0.023952095808383235,24,5.0,0.0,0.0,0.0,0.0,0.0,1.0,0.0,11.0,false
71,64.0,213.0,False,,new,experiments/results/DP_2_2/boolean/24.onnx,DP,2,1,0.3004694835680751,24,48.0,27.0,36.0,5.0,1.0,1.0,4.0,21.14,39.0,false
72,80.0,228.0,False,,new,experiments/results/DP_2_2/boolean/24.onnx,DP,2,2,0.3508771929824561,24,62.0,25.0,29.0,5.0,1.0,1.0,6.0,21.14,59.0,false
73,3.0,166.0,False,,new,experiments/results/DP_2_2/boolean/25.onnx,DP,1,1,0.018072289156626505,25,4.0,0.0,0.0,0.0,0.0,0.0,1.0,0.0,10.0,false
74,4.0,170.0,False,,new,experiments/results/DP_2_2/boolean/25.onnx,DP,1,2,0.023529411764705882,25,5.0,0.0,0.0,0.0,0.0,0.0,1.0,0.0,11.0,false
75,70.0,216.0,False,,new,experiments/results/DP_2_2/boolean/25.onnx,DP,2,1,0.32407407407407407,25,56.0,25.0,31.0,7.0,2.0,1.0,6.0,21.14,49.0,false
76,85.0,223.0,False,,new,experiments/results/DP_2_2/boolean/25.onnx,DP,2,2,0.3811659192825112,25,70.0,25.0,29.0,7.0,2.0,1.0,6.0,21.62,55.0,false
77,3.0,166.0,False,,new,experiments/results/DP_2_2/boolean/26.onnx,DP,1,1,0.018072289156626505,26,4.0,0.0,0.0,0.0,0.0,0.0,1.0,0.0,11.0,false
78,4.0,167.0,False,,new,experiments/results/DP_2_2/boolean/26.onnx,DP,1,2,0.023952095808383235,26,5.0,0.0,0.0,0.0,0.0,0.0,1.0,0.0,10.0,false
79,92.0,225.0,False,,new,experiments/results/DP_2_2/boolean/26.onnx,DP,2,1,0.4088888888888889,26,68.0,27.0,36.0,10.0,1.0,1.0,6.0,21.62,54.0,false
80,85.0,231.0,False,,new,experiments/results/DP_2_2/boolean/26.onnx,DP,2,2,0.36796536796536794,26,65.0,25.0,29.0,5.0,1.0,1.0,3.0,21.14,59.0,false
81,3.0,166.0,False,,new,experiments/results/DP_2_2/boolean/27.onnx,DP,1,1,0.018072289156626505,27,4.0,0.0,0.0,0.0,0.0,0.0,1.0,0.0,9.0,false
82,4.0,177.0,False,,new,experiments/results/DP_2_2/boolean/27.onnx,DP,1,2,0.022598870056497175,27,5.0,0.0,0.0,0.0,0.0,0.0,1.0,0.0,11.0,false
83,75.0,219.0,False,,new,experiments/results/DP_2_2/boolean/27.onnx,DP,2,1,0.3424657534246575,27,53.0,37.0,53.0,5.0,1.0,1.0,4.0,21.14,48.0,false
84,85.0,218.0,False,,new,experiments/results/DP_2_2/boolean/27.onnx,DP,2,2,0.38990825688073394,27,64.0,25.0,29.0,5.0,1.0,1.0,5.0,21.14,48.0,false
85,3.0,167.0,False,,new,experiments/results/DP_2_2/boolean/28.onnx,DP,1,1,0.017964071856287425,28,4.0,0.0,0.0,0.0,0.0,0.0,1.0,0.0,10.0,false
86,4.0,166.0,False,,new,experiments/results/DP_2_2/boolean/28.onnx,DP,1,2,0.024096385542168676,28,5.0,0.0,0.0,0.0,0.0,0.0,1.0,0.0,11.0,false
87,97.0,234.0,False,,new,experiments/results/DP_2_2/boolean/28.onnx,DP,2,1,0.41452991452991456,28,70.0,27.0,36.0,13.0,1.0,1.0,6.0,22.18,58.0,false
88,87.0,226.0,False,,new,experiments/results/DP_2_2/boolean/28.onnx,DP,2,2,0.38495575221238937,28,66.0,25.0,29.0,5.0,1.0,1.0,6.0,21.14,50.0,false
89,3.0,171.0,False,,new,experiments/results/DP_2_2/boolean/29.onnx,DP,1,1,0.017543859649122806,29,4.0,0.0,0.0,0.0,0.0,0.0,1.0,0.0,11.0,false
90,4.0,172.0,False,,new,experiments/results/DP_2_2/boolean/29.onnx,DP,1,2,0.023255813953488372,29,5.0,0.0,0.0,0.0,0.0,0.0,1.0,0.0,10.0,false
91,83.0,224.0,False,,new,experiments/results/DP_2_2/boolean/29.onnx,DP,2,1,0.3705357142857143,29,62.0,27.0,36.0,6.0,2.0,1.0,8.0,21.62,57.0,false
92,77.0,215.0,False,,new,experiments/results/DP_2_2/boolean/29.onnx,DP,2,2,0.3581395348837209,29,59.0,25.0,29.0,5.0,1.0,1.0,5.0,21.14,46.0,false
93,3.0,166.0,False,,new,experiments/results/DP_2_2/boolean/30.onnx,DP,1,1,0.018072289156626505,30,4.0,0.0,0.0,0.0,0.0,0.0,1.0,0.0,10.0,false
94,4.0,169.0,False,,new,experiments/results/DP_2_2/boolean/30.onnx,DP,1,2,0.023668639053254437,30,5.0,0.0,0.0,0.0,0.0,0.0,1.0,0.0,11.0,false
95,69.0,211.0,False,,new,experiments/results/DP_2_2/boolean/30.onnx,DP,2,1,0.32701421800947866,30,50.0,27.0,36.0,5.0,1.0,1.0,7.0,21.14,41.0,false
96,90.0,225.0,False,,new,experiments/results/DP_2_2/boolean/30.onnx,DP,2,2,0.4,30,67.0,25.0,29.0,5.0,1.0,1.0,5.0,21.14,60.0,false
97,3.0,169.0,False,,new,experiments/results/DP_2_2/boolean/31.onnx,DP,1,1,0.01775147928994083,31,4.0,0.0,0.0,0.0,0.0,0.0,1.0,0.0,11.0,false
98,4.0,168.0,False,,new,experiments/results/DP_2_2/boolean/31.onnx,DP,1,2,0.023809523809523808,31,5.0,0.0,0.0,0.0,0.0,0.0,1.0,0.0,10.0,false
99,86.0,226.0,False,,new,experiments/results/DP_2_2/boolean/31.onnx,DP,2,1,0.3805309734513274,31,64.0,27.0,36.0,7.0,2.0,1.0,8.0,21.62,54.0,false
100,82.0,251.0,False,,new,experiments/results/DP_2_2/boolean/31.onnx,DP,2,2,0.32669322709163345,31,63.0,25.0,29.0,5.0,1.0,1.0,4.0,21.14,64.0,false
101,3.0,173.0,False,,new,experiments/results/DP_2_2/boolean/32.onnx,DP,1,1,0.017341040462427744,32,4.0,0.0,0.0,0.0,0.0,0.0,1.0,0.0,13.0,false
102,4.0,187.0,False,,new,experiments/results/DP_2_2/boolean/32.onnx,DP,1,2,0.0213903743315508,32,5.0,0.0,0.0,0.0,0.0,0.0,1.0,0.0,11.0,false
103,95.0,249.0,False,,new,experiments/results/DP_2_2/boolean/32.onnx,DP,2,1,0.3815261044176707,32,69.0,27.0,36.0,9.0,2.0,1.0,8.0,21.7,68.0,false
104,90.0,234.0,False,,new,experiments/results/DP_2_2/boolean/32.onnx,DP,2,2,0.38461538461538464,32,68.0,25.0,29.0,8.0,1.0,1.0,4.0,21.62,53.0,false
105,3.0,167.0,False,,new,experiments/results/DP_2_2/boolean/33.onnx,DP,1,1,0.017964071856287425,33,4.0,0.0,0.0,0.0,0.0,0.0,1.0,0.0,10.0,false
106,4.0,171.0,False,,new,experiments/results/DP_2_2/boolean/33.onnx,DP,1,2,0.023391812865497075,33,5.0,0.0,0.0,0.0,0.0,0.0,1.0,0.0,11.0,false
107,101.0,252.0,False,,new,experiments/results/DP_2_2/boolean/33.onnx,DP,2,1,0.4007936507936508,33,72.0,0.0,0.0,12.0,2.0,0.0,8.0,0.0,74.0,true
108,101.0,235.0,False,,new,experiments/results/DP_2_2/boolean/33.onnx,DP,2,2,0.4297872340425532,33,81.0,0.0,0.0,5.0,1.0,0.0,4.0,0.0,65.0,true
109,3.0,174.0,False,,new,experiments/results/DP_2_2/boolean/34.onnx,DP,1,1,0.017241379310344827,34,4.0,0.0,0.0,0.0,0.0,0.0,1.0,0.0,10.0,false
110,4.0,168.0,False,,new,experiments/results/DP_2_2/boolean/34.onnx,DP,1,2,0.023809523809523808,34,5.0,0.0,0.0,0.0,0.0,0.0,1.0,0.0,11.0,false
111,96.0,233.0,False,,new,experiments/results/DP_2_2/boolean/34.onnx,DP,2,1,0.41201716738197425,34,69.0,27.0,36.0,10.0,2.0,1.0,8.0,22.18,54.0,false
112,101.0,230.0,False,,new,experiments/results/DP_2_2/boolean/34.onnx,DP,2,2,0.4391304347826087,34,77.0,0.0,0.0,0.0,2.0,0.0,10.0,0.0,62.0,true
113,3.0,174.0,False,,new,experiments/results/DP_2_2/boolean/35.onnx,DP,1,1,0.017241379310344827,35,4.0,0.0,0.0,0.0,0.0,0.0,1.0,0.0,9.0,false
114,4.0,168.0,False,,new,experiments/results/DP_2_2/boolean/35.onnx,DP,1,2,0.023809523809523808,35,5.0,0.0,0.0,0.0,0.0,0.0,1.0,0.0,9.0,false
115,96.0,234.0,False,,new,experiments/results/DP_2_2/boolean/35.onnx,DP,2,1,0.41025641025641024,35,69.0,27.0,36.0,10.0,2.0,1.0,8.0,22.18,54.0,false
116,89.0,230.0,False,,new,experiments/results/DP_2_2/boolean/35.onnx,DP,2,2,0.3869565217391304,35,65.0,31.0,42.0,11.0,1.0,1.0,2.0,21.62,59.0,false
117,3.0,167.0,False,,new,experiments/results/DP_2_2/boolean/36.onnx,DP,1,1,0.017964071856287425,36,4.0,0.0,0.0,0.0,0.0,0.0,1.0,0.0,11.0,false
118,4.0,166.0,False,,new,experiments/results/DP_2_2/boolean/36.onnx,DP,1,2,0.024096385542168676,36,5.0,0.0,0.0,0.0,0.0,0.0,1.0,0.0,11.0,false
119,65.0,214.0,False,,new,experiments/results/DP_2_2/boolean/36.onnx,DP,2,1,0.3037383177570093,36,46.0,27.0,36.0,6.0,1.0,1.0,6.0,21.14,41.0,false
120,88.0,225.0,False,,new,experiments/results/DP_2_2/boolean/36.onnx,DP,2,2,0.39111111111111113,36,63.0,31.0,42.0,6.0,1.0,1.0,4.0,21.62,50.0,false
121,3.0,167.0,False,,new,experiments/results/DP_2_2/boolean/37.onnx,DP,1,1,0.017964071856287425,37,4.0,0.0,0.0,0.0,0.0,0.0,1.0,0.0,10.0,false
122,4.0,165.0,False,,new,experiments/results/DP_2_2/boolean/37.onnx,DP,1,2,0.024242424242424242,37,5.0,0.0,0.0,0.0,0.0,0.0,1.0,0.0,11.0,false
123,66.0,209.0,False,,new,experiments/results/DP_2_2/boolean/37.onnx,DP,2,1,0.3157894736842105,37,46.0,27.0,36.0,6.0,1.0,1.0,7.0,21.14,40.0,false
124,88.0,220.0,False,,new,experiments/results/DP_2_2/boolean/37.onnx,DP,2,2,0.4,37,63.0,28.0,36.0,6.0,1.0,1.0,5.0,21.62,49.0,false
125,3.0,167.0,False,,new,experiments/results/DP_2_2/boolean/38.onnx,DP,1,1,0.017964071856287425,38,4.0,0.0,0.0,0.0,0.0,0.0,1.0,0.0,12.0,false
126,4.0,167.0,False,,new,experiments/results/DP_2_2/boolean/38.onnx,DP,1,2,0.023952095808383235,38,5.0,0.0,0.0,0.0,0.0,0.0,1.0,0.0,10.0,false
127,66.0,211.0,False,,new,experiments/results/DP_2_2/boolean/38.onnx,DP,2,1,0.3127962085308057,38,46.0,27.0,36.0,6.0,1.0,1.0,7.0,21.14,41.0,false
128,91.0,227.0,False,,new,experiments/results/DP_2_2/boolean/38.onnx,DP,2,2,0.4008810572687225,38,63.0,31.0,42.0,6.0,1.0,1.0,9.0,21.62,55.0,false
129,3.0,172.0,False,,new,experiments/results/DP_2_2/boolean/39.onnx,DP,1,1,0.01744186046511628,39,4.0,0.0,0.0,0.0,0.0,0.0,1.0,0.0,10.0,false
130,4.0,171.0,False,,new,experiments/results/DP_2_2/boolean/39.onnx,DP,1,2,0.023391812865497075,39,5.0,0.0,0.0,0.0,0.0,0.0,1.0,0.0,12.0,false
131,65.0,207.0,False,,new,experiments/results/DP_2_2/boolean/39.onnx,DP,2,1,0.3140096618357488,39,46.0,27.0,36.0,6.0,1.0,1.0,7.0,21.14,40.0,false
132,90.0,229.0,False,,new,experiments/results/DP_2_2/boolean/39.onnx,DP,2,2,0.3930131004366812,39,63.0,28.0,36.0,6.0,1.0,1.0,6.0,21.62,55.0,false
133,3.0,166.0,False,,new,experiments/results/DP_2_2/boolean/40.onnx,DP,1,1,0.018072289156626505,40,4.0,0.0,0.0,0.0,0.0,0.0,1.0,0.0,10.0,false
134,4.0,172.0,False,,new,experiments/results/DP_2_2/boolean/40.onnx,DP,1,2,0.023255813953488372,40,5.0,0.0,0.0,0.0,0.0,0.0,1.0,0.0,11.0,false
135,65.0,207.0,False,,new,experiments/results/DP_2_2/boolean/40.onnx,DP,2,1,0.3140096618357488,40,46.0,27.0,36.0,7.0,1.0,1.0,6.0,21.14,40.0,false
136,90.0,225.0,False,,new,experiments/results/DP_2_2/boolean/40.onnx,DP,2,2,0.4,40,63.0,31.0,42.0,7.0,1.0,1.0,4.0,21.62,53.0,false
137,3.0,169.0,False,,new,experiments/results/DP_2_2/boolean/41.onnx,DP,1,1,0.01775147928994083,41,4.0,0.0,0.0,0.0,0.0,0.0,1.0,0.0,10.0,false
138,4.0,165.0,False,,new,experiments/results/DP_2_2/boolean/41.onnx,DP,1,2,0.024242424242424242,41,5.0,0.0,0.0,0.0,0.0,0.0,1.0,0.0,9.0,false
139,62.0,221.0,False,,new,experiments/results/DP_2_2/boolean/41.onnx,DP,2,1,0.28054298642533937,41,46.0,25.0,31.0,6.0,1.0,1.0,6.0,21.14,55.0,false
140,88.0,230.0,False,,new,experiments/results/DP_2_2/boolean/41.onnx,DP,2,2,0.3826086956521739,41,63.0,28.0,35.0,8.0,1.0,1.0,4.0,21.62,51.0,false
141,3.0,167.0,False,,new,experiments/results/DP_2_2/boolean/42.onnx,DP,1,1,0.017964071856287425,42,4.0,0.0,0.0,0.0,0.0,0.0,1.0,0.0,10.0,false
142,4.0,174.0,False,,new,experiments/results/DP_2_2/boolean/42.onnx,DP,1,2,0.022988505747126436,42,5.0,0.0,0.0,0.0,0.0,0.0,1.0,0.0,12.0,false
143,59.0,208.0,False,,new,experiments/results/DP_2_2/boolean/42.onnx,DP,2,1,0.28365384615384615,42,46.0,23.0,27.0,6.0,1.0,1.0,4.0,20.66,37.0,false
144,90.0,218.0,False,,new,experiments/results/DP_2_2/boolean/42.onnx,DP,2,2,0.41284403669724773,42,63.0,25.0,29.0,8.0,1.0,1.0,6.0,21.62,45.0,false
145,3.0,172.0,False,,new,experiments/results/DP_2_2/boolean/43.onnx,DP,1,1,0.01744186046511628,43,4.0,0.0,0.0,0.0,0.0,0.0,1.0,0.0,10.0,false
146,4.0,172.0,False,,new,experiments/results/DP_2_2/boolean/43.onnx,DP,1,2,0.023255813953488372,43,5.0,0.0,0.0,0.0,0.0,0.0,1.0,0.0,10.0,false
147,57.0,241.0,False,,new,experiments/results/DP_2_2/boolean/43.onnx,DP,2,1,0.23651452282157676,43,45.0,23.0,27.0,6.0,1.0,1.0,3.0,20.66,39.0,false
148,80.0,227.0,False,,new,experiments/results/DP_2_2/boolean/43.onnx,DP,2,2,0.3524229074889868,43,59.0,25.0,29.0,8.0,1.0,1.0,5.0,21.14,61.0,false
149,3.0,167.0,False,,new,experiments/results/DP_2_2/boolean/45.onnx,DP,1,1,0.017964071856287425,45,4.0,0.0,0.0,0.0,0.0,0.0,1.0,0.0,10.0,false
150,4.0,168.0,False,,new,experiments/results/DP_2_2/boolean/45.onnx,DP,1,2,0.023809523809523808,45,5.0,0.0,0.0,0.0,0.0,0.0,1.0,0.0,9.0,false
151,42.0,193.0,False,,new,experiments/results/DP_2_2/boolean/45.onnx,DP,2,1,0.21761658031088082,45,36.0,23.0,27.0,4.0,0.0,1.0,1.0,20.66,31.0,false
152,63.0,209.0,False,,new,experiments/results/DP_2_2/boolean/45.onnx,DP,2,2,0.3014354066985646,45,48.0,25.0,29.0,4.0,1.0,1.0,4.0,20.66,41.0,false
153,3.0,167.0,False,,new,experiments/results/DP_2_2/boolean/46.onnx,DP,1,1,0.017964071856287425,46,4.0,0.0,0.0,0.0,0.0,0.0,1.0,0.0,9.0,false
154,4.0,168.0,False,,new,experiments/results/DP_2_2/boolean/46.onnx,DP,1,2,0.023809523809523808,46,5.0,0.0,0.0,0.0,0.0,0.0,1.0,0.0,9.0,false
155,45.0,200.0,False,,new,experiments/results/DP_2_2/boolean/46.onnx,DP,2,1,0.225,46,38.0,23.0,27.0,4.0,1.0,1.0,1.0,20.66,35.0,false
156,54.0,210.0,False,,new,experiments/results/DP_2_2/boolean/46.onnx,DP,2,2,0.2571428571428571,46,46.0,25.0,29.0,5.0,1.0,1.0,1.0,20.66,39.0,false
157,3.0,173.0,False,,new,experiments/results/DP_2_2/boolean/48.onnx,DP,1,1,0.017341040462427744,48,4.0,0.0,0.0,0.0,0.0,0.0,1.0,0.0,11.0,false
158,4.0,187.0,False,,new,experiments/results/DP_2_2/boolean/48.onnx,DP,1,2,0.0213903743315508,48,5.0,0.0,0.0,0.0,0.0,0.0,1.0,0.0,11.0,false
159,44.0,204.0,False,,new,experiments/results/DP_2_2/boolean/48.onnx,DP,2,1,0.21568627450980393,48,39.0,23.0,27.0,4.0,1.0,1.0,1.0,20.66,34.0,false
160,50.0,206.0,False,,new,experiments/results/DP_2_2/boolean/48.onnx,DP,2,2,0.24271844660194175,48,45.0,25.0,29.0,4.0,1.0,1.0,1.0,20.66,42.0,false
161,3.0,181.0,False,,new,experiments/results/DP_2_2/boolean/49.onnx,DP,1,1,0.016574585635359115,49,4.0,0.0,0.0,0.0,0.0,0.0,1.0,0.0,11.0,false
162,4.0,170.0,False,,new,experiments/results/DP_2_2/boolean/49.onnx,DP,1,2,0.023529411764705882,49,5.0,0.0,0.0,0.0,0.0,0.0,1.0,0.0,12.0,false
163,93.0,223.0,False,,new,experiments/results/DP_2_2/boolean/49.onnx,DP,2,1,0.4170403587443946,49,63.0,30.0,42.0,5.0,1.0,1.0,4.0,21.14,49.0,false
164,59.0,204.0,False,,new,experiments/results/DP_2_2/boolean/49.onnx,DP,2,2,0.28921568627450983,49,46.0,28.0,36.0,5.0,1.0,1.0,2.0,20.66,38.0,false
165,3.0,168.0,False,,new,experiments/results/DP_2_2/boolean/50.onnx,DP,1,1,0.017857142857142856,50,4.0,0.0,0.0,0.0,0.0,0.0,1.0,0.0,9.0,false
166,4.0,170.0,False,,new,experiments/results/DP_2_2/boolean/50.onnx,DP,1,2,0.023529411764705882,50,5.0,0.0,0.0,0.0,0.0,0.0,1.0,0.0,10.0,false
167,59.0,217.0,False,,new,experiments/results/DP_2_2/boolean/50.onnx,DP,2,1,0.271889400921659,50,42.0,35.0,48.0,4.0,1.0,1.0,1.0,20.66,44.0,false
168,62.0,224.0,False,,new,experiments/results/DP_2_2/boolean/50.onnx,DP,2,2,0.2767857142857143,50,48.0,28.0,35.0,4.0,1.0,1.0,0.0,20.66,60.0,false
169,3.0,167.0,False,,new,experiments/results/DP_2_2/boolean/51.onnx,DP,1,1,0.017964071856287425,51,4.0,0.0,0.0,0.0,0.0,0.0,1.0,0.0,10.0,false
170,4.0,169.0,False,,new,experiments/results/DP_2_2/boolean/51.onnx,DP,1,2,0.023668639053254437,51,5.0,0.0,0.0,0.0,0.0,0.0,1.0,0.0,10.0,false
171,53.0,208.0,False,,new,experiments/results/DP_2_2/boolean/51.onnx,DP,2,1,0.2548076923076923,51,45.0,23.0,27.0,4.0,1.0,1.0,3.0,20.66,40.0,false
172,58.0,215.0,False,,new,experiments/results/DP_2_2/boolean/51.onnx,DP,2,2,0.26976744186046514,51,48.0,28.0,36.0,5.0,1.0,1.0,2.0,20.66,48.0,false
173,3.0,166.0,False,,new,experiments/results/DP_2_2/boolean/52.onnx,DP,1,1,0.018072289156626505,52,4.0,0.0,0.0,0.0,0.0,0.0,1.0,0.0,10.0,false
174,4.0,167.0,False,,new,experiments/results/DP_2_2/boolean/52.onnx,DP,1,2,0.023952095808383235,52,5.0,0.0,0.0,0.0,0.0,0.0,1.0,0.0,11.0,false
175,48.0,217.0,False,,new,experiments/results/DP_2_2/boolean/52.onnx,DP,2,1,0.22119815668202766,52,37.0,25.0,32.0,5.0,1.0,1.0,2.0,20.66,50.0,false
176,61.0,222.0,False,,new,experiments/results/DP_2_2/boolean/52.onnx,DP,2,2,0.2747747747747748,52,48.0,28.0,36.0,5.0,1.0,1.0,2.0,20.66,41.0,false
177,3.0,171.0,False,,new,experiments/results/DP_2_2/boolean/53.onnx,DP,1,1,0.017543859649122806,53,4.0,0.0,0.0,0.0,0.0,0.0,1.0,0.0,11.0,false
178,4.0,171.0,False,,new,experiments/results/DP_2_2/boolean/53.onnx,DP,1,2,0.023391812865497075,53,5.0,0.0,0.0,0.0,0.0,0.0,1.0,0.0,11.0,false
179,51.0,199.0,False,,new,experiments/results/DP_2_2/boolean/53.onnx,DP,2,1,0.2562814070351759,53,41.0,25.0,32.0,6.0,0.0,1.0,2.0,20.66,34.0,false
180,64.0,238.0,False,,new,experiments/results/DP_2_2/boolean/53.onnx,DP,2,2,0.2689075630252101,53,51.0,28.0,36.0,5.0,1.0,1.0,2.0,21.14,59.0,false
181,3.0,173.0,False,,new,experiments/results/DP_2_2/boolean/54.onnx,DP,1,1,0.017341040462427744,54,4.0,0.0,0.0,0.0,0.0,0.0,1.0,0.0,11.0,false
182,4.0,165.0,False,,new,experiments/results/DP_2_2/boolean/54.onnx,DP,1,2,0.024242424242424242,54,5.0,0.0,0.0,0.0,0.0,0.0,1.0,0.0,10.0,false
183,88.0,223.0,False,,new,experiments/results/DP_2_2/boolean/54.onnx,DP,2,1,0.39461883408071746,54,60.0,37.0,53.0,15.0,0.0,1.0,2.0,21.62,43.0,false
184,101.0,246.0,False,,new,experiments/results/DP_2_2/boolean/54.onnx,DP,2,2,0.4105691056910569,54,71.0,0.0,0.0,14.0,0.0,0.0,2.0,0.0,58.0,true
185,3.0,170.0,False,,new,experiments/results/DP_2_2/boolean/55.onnx,DP,1,1,0.01764705882352941,55,4.0,0.0,0.0,0.0,0.0,0.0,1.0,0.0,9.0,false
186,4.0,178.0,False,,new,experiments/results/DP_2_2/boolean/55.onnx,DP,1,2,0.02247191011235955,55,5.0,0.0,0.0,0.0,0.0,0.0,1.0,0.0,13.0,false
187,40.0,203.0,False,,new,experiments/results/DP_2_2/boolean/55.onnx,DP,2,1,0.19704433497536947,55,34.0,23.0,27.0,4.0,1.0,1.0,2.0,20.66,29.0,false
188,47.0,214.0,False,,new,experiments/results/DP_2_2/boolean/55.onnx,DP,2,2,0.21962616822429906,55,41.0,25.0,29.0,4.0,1.0,1.0,2.0,20.66,47.0,false
189,3.0,174.0,False,,new,experiments/results/DP_2_2/boolean/56.onnx,DP,1,1,0.017241379310344827,56,4.0,0.0,0.0,0.0,0.0,0.0,1.0,0.0,10.0,false
190,4.0,176.0,False,,new,experiments/results/DP_2_2/boolean/56.onnx,DP,1,2,0.022727272727272728,56,5.0,0.0,0.0,0.0,0.0,0.0,1.0,0.0,11.0,false
191,44.0,211.0,False,,new,experiments/results/DP_2_2/boolean/56.onnx,DP,2,1,0.20853080568720378,56,35.0,25.0,32.0,5.0,1.0,1.0,2.0,20.66,34.0,false
192,54.0,209.0,False,,new,experiments/results/DP_2_2/boolean/56.onnx,DP,2,2,0.2583732057416268,56,47.0,25.0,29.0,4.0,0.0,1.0,0.0,20.66,42.0,false
193,3.0,166.0,False,,new,experiments/results/DP_2_2/boolean/57.onnx,DP,1,1,0.018072289156626505,57,4.0,0.0,0.0,0.0,0.0,0.0,1.0,0.0,10.0,false
194,4.0,179.0,False,,new,experiments/results/DP_2_2/boolean/57.onnx,DP,1,2,0.0223463687150838,57,5.0,0.0,0.0,0.0,0.0,0.0,1.0,0.0,12.0,false
195,47.0,201.0,False,,new,experiments/results/DP_2_2/boolean/57.onnx,DP,2,1,0.23383084577114427,57,35.0,27.0,36.0,6.0,0.0,1.0,1.0,20.66,36.0,false
196,57.0,221.0,False,,new,experiments/results/DP_2_2/boolean/57.onnx,DP,2,2,0.2579185520361991,57,42.0,31.0,42.0,7.0,0.0,1.0,1.0,20.66,52.0,false
197,3.0,172.0,False,,new,experiments/results/DP_2_2/boolean/58.onnx,DP,1,1,0.01744186046511628,58,4.0,0.0,0.0,0.0,0.0,0.0,1.0,0.0,10.0,false
198,4.0,169.0,False,,new,experiments/results/DP_2_2/boolean/58.onnx,DP,1,2,0.023668639053254437,58,5.0,0.0,0.0,0.0,0.0,0.0,1.0,0.0,8.0,false
199,46.0,209.0,False,,new,experiments/results/DP_2_2/boolean/58.onnx,DP,2,1,0.22009569377990432,58,36.0,25.0,31.0,5.0,0.0,1.0,1.0,20.66,35.0,false
200,51.0,205.0,False,,new,experiments/results/DP_2_2/boolean/58.onnx,DP,2,2,0.24878048780487805,58,42.0,25.0,29.0,4.0,1.0,1.0,1.0,20.66,32.0,false
201,3.0,185.0,False,,new,experiments/results/DP_2_2/boolean/59.onnx,DP,1,1,0.016216216216216217,59,4.0,0.0,0.0,0.0,0.0,0.0,1.0,0.0,13.0,false
202,4.0,168.0,False,,new,experiments/results/DP_2_2/boolean/59.onnx,DP,1,2,0.023809523809523808,59,5.0,0.0,0.0,0.0,0.0,0.0,1.0,0.0,11.0,false
203,40.0,196.0,False,,new,experiments/results/DP_2_2/boolean/59.onnx,DP,2,1,0.20408163265306123,59,35.0,23.0,27.0,4.0,0.0,1.0,1.0,20.66,30.0,false
204,49.0,237.0,False,,new,experiments/results/DP_2_2/boolean/59.onnx,DP,2,2,0.20675105485232068,59,44.0,25.0,29.0,4.0,0.0,1.0,1.0,20.66,61.0,false
205,3.0,193.0,False,,new,experiments/results/DP_2_2/boolean/60.onnx,DP,1,1,0.015544041450777202,60,4.0,0.0,0.0,0.0,0.0,0.0,1.0,0.0,17.0,false
206,4.0,172.0,False,,new,experiments/results/DP_2_2/boolean/60.onnx,DP,1,2,0.023255813953488372,60,5.0,0.0,0.0,0.0,0.0,0.0,1.0,0.0,10.0,false
207,49.0,216.0,False,,new,experiments/results/DP_2_2/boolean/60.onnx,DP,2,1,0.22685185185185186,60,41.0,23.0,27.0,5.0,1.0,1.0,2.0,20.66,42.0,false
208,53.0,208.0,False,,new,experiments/results/DP_2_2/boolean/60.onnx,DP,2,2,0.2548076923076923,60,43.0,25.0,29.0,5.0,0.0,1.0,1.0,20.66,36.0,false
209,3.0,170.0,False,,new,experiments/results/DP_2_2/boolean/61.onnx,DP,1,1,0.01764705882352941,61,4.0,0.0,0.0,0.0,0.0,0.0,1.0,0.0,9.0,false
210,4.0,178.0,False,,new,experiments/results/DP_2_2/boolean/61.onnx,DP,1,2,0.02247191011235955,61,5.0,0.0,0.0,0.0,0.0,0.0,1.0,0.0,11.0,false
211,50.0,221.0,False,,new,experiments/results/DP_2_2/boolean/61.onnx,DP,2,1,0.22624434389140272,61,41.0,23.0,27.0,5.0,1.0,1.0,2.0,20.66,52.0,false
212,55.0,215.0,False,,new,experiments/results/DP_2_2/boolean/61.onnx,DP,2,2,0.2558139534883721,61,45.0,25.0,29.0,5.0,0.0,1.0,1.0,20.66,50.0,false
213,3.0,171.0,False,,new,experiments/results/DP_2_2/boolean/62.onnx,DP,1,1,0.017543859649122806,62,4.0,0.0,0.0,0.0,0.0,0.0,1.0,0.0,9.0,false
214,4.0,169.0,False,,new,experiments/results/DP_2_2/boolean/62.onnx,DP,1,2,0.023668639053254437,62,5.0,0.0,0.0,0.0,0.0,0.0,1.0,0.0,12.0,false
215,52.0,200.0,False,,new,experiments/results/DP_2_2/boolean/62.onnx,DP,2,1,0.26,62,41.0,23.0,27.0,5.0,1.0,1.0,3.0,20.66,35.0,false
216,69.0,223.0,False,,new,experiments/results/DP_2_2/boolean/62.onnx,DP,2,2,0.3094170403587444,62,54.0,25.0,29.0,5.0,1.0,1.0,6.0,21.14,46.0,false
217,3.0,167.0,False,,new,experiments/results/DP_2_2/boolean/63.onnx,DP,1,1,0.017964071856287425,63,4.0,0.0,0.0,0.0,0.0,0.0,1.0,0.0,11.0,false
218,4.0,170.0,False,,new,experiments/results/DP_2_2/boolean/63.onnx,DP,1,2,0.023529411764705882,63,5.0,0.0,0.0,0.0,0.0,0.0,1.0,0.0,13.0,false
219,36.0,198.0,False,,new,experiments/results/DP_2_2/boolean/63.onnx,DP,2,1,0.18181818181818182,63,31.0,23.0,27.0,4.0,0.0,1.0,1.0,20.18,33.0,false
220,42.0,196.0,False,,new,experiments/results/DP_2_2/boolean/63.onnx,DP,2,2,0.21428571428571427,63,37.0,25.0,29.0,4.0,0.0,1.0,1.0,20.66,32.0,false
221,3.0,168.0,False,,new,experiments/results/DP_2_2/boolean/64.onnx,DP,1,1,0.017857142857142856,64,4.0,0.0,0.0,0.0,0.0,0.0,1.0,0.0,11.0,false
222,4.0,168.0,False,,new,experiments/results/DP_2_2/boolean/64.onnx,DP,1,2,0.023809523809523808,64,5.0,0.0,0.0,0.0,0.0,0.0,1.0,0.0,12.0,false
223,48.0,210.0,False,,new,experiments/results/DP_2_2/boolean/64.onnx,DP,2,1,0.22857142857142856,64,41.0,23.0,27.0,4.0,1.0,1.0,2.0,20.66,46.0,false
224,51.0,204.0,False,,new,experiments/results/DP_2_2/boolean/64.onnx,DP,2,2,0.25,64,42.0,25.0,29.0,4.0,0.0,1.0,1.0,20.66,40.0,false
225,3.0,171.0,False,,new,experiments/results/DP_2_2/boolean/65.onnx,DP,1,1,0.017543859649122806,65,4.0,0.0,0.0,0.0,0.0,0.0,1.0,0.0,11.0,false
226,4.0,177.0,False,,new,experiments/results/DP_2_2/boolean/65.onnx,DP,1,2,0.022598870056497175,65,5.0,0.0,0.0,0.0,0.0,0.0,1.0,0.0,13.0,false
227,44.0,201.0,False,,new,experiments/results/DP_2_2/boolean/65.onnx,DP,2,1,0.21890547263681592,65,36.0,23.0,27.0,5.0,0.0,1.0,1.0,20.66,35.0,false
228,53.0,216.0,False,,new,experiments/results/DP_2_2/boolean/65.onnx,DP,2,2,0.24537037037037038,65,43.0,25.0,29.0,5.0,0.0,1.0,1.0,20.66,43.0,false
229,3.0,171.0,False,,new,experiments/results/DP_2_2/boolean/66.onnx,DP,1,1,0.017543859649122806,66,4.0,0.0,0.0,0.0,0.0,0.0,1.0,0.0,11.0,false
230,4.0,172.0,False,,new,experiments/results/DP_2_2/boolean/66.onnx,DP,1,2,0.023255813953488372,66,5.0,0.0,0.0,0.0,0.0,0.0,1.0,0.0,12.0,false
231,38.0,205.0,False,,new,experiments/results/DP_2_2/boolean/66.onnx,DP,2,1,0.18536585365853658,66,33.0,23.0,27.0,4.0,0.0,1.0,1.0,20.18,32.0,false
232,43.0,201.0,False,,new,experiments/results/DP_2_2/boolean/66.onnx,DP,2,2,0.21393034825870647,66,38.0,25.0,29.0,4.0,0.0,1.0,1.0,20.66,34.0,false
233,3.0,189.0,False,,new,experiments/results/DP_2_2/boolean/67.onnx,DP,1,1,0.015873015873015872,67,4.0,0.0,0.0,0.0,0.0,0.0,1.0,0.0,10.0,false
234,4.0,167.0,False,,new,experiments/results/DP_2_2/boolean/67.onnx,DP,1,2,0.023952095808383235,67,5.0,0.0,0.0,0.0,0.0,0.0,1.0,0.0,10.0,false
235,43.0,200.0,False,,new,experiments/results/DP_2_2/boolean/67.onnx,DP,2,1,0.215,67,35.0,25.0,31.0,7.0,1.0,1.0,2.0,20.66,38.0,false
236,63.0,212.0,False,,new,experiments/results/DP_2_2/boolean/67.onnx,DP,2,2,0.2971698113207547,67,53.0,25.0,29.0,5.0,1.0,1.0,2.0,20.66,39.0,false
237,3.0,178.0,False,,new,experiments/results/DP_2_2/boolean/68.onnx,DP,1,1,0.016853932584269662,68,4.0,0.0,0.0,0.0,0.0,0.0,1.0,0.0,12.0,false
238,4.0,175.0,False,,new,experiments/results/DP_2_2/boolean/68.onnx,DP,1,2,0.022857142857142857,68,5.0,0.0,0.0,0.0,0.0,0.0,1.0,0.0,12.0,false
239,101.0,226.0,False,,new,experiments/results/DP_2_2/boolean/68.onnx,DP,2,1,0.4469026548672566,68,72.0,0.0,0.0,11.0,2.0,0.0,5.0,0.0,52.0,true
240,101.0,229.0,False,,new,experiments/results/DP_2_2/boolean/68.onnx,DP,2,2,0.4410480349344978,68,76.0,0.0,0.0,6.0,2.0,0.0,5.0,0.0,56.0,true
241,3.0,166.0,False,,new,experiments/results/DP_2_2/boolean/69.onnx,DP,1,1,0.018072289156626505,69,4.0,0.0,0.0,0.0,0.0,0.0,1.0,0.0,10.0,false
242,4.0,184.0,False,,new,experiments/results/DP_2_2/boolean/69.onnx,DP,1,2,0.021739130434782608,69,5.0,0.0,0.0,0.0,0.0,0.0,1.0,0.0,12.0,false
243,101.0,233.0,False,,new,experiments/results/DP_2_2/boolean/69.onnx,DP,2,1,0.4334763948497854,69,64.0,0.0,0.0,33.0,0.0,0.0,2.0,0.0,52.0,true
244,101.0,240.0,False,,new,experiments/results/DP_2_2/boolean/69.onnx,DP,2,2,0.42083333333333334,69,64.0,0.0,0.0,32.0,0.0,0.0,2.0,0.0,66.0,true
245,3.0,177.0,False,,new,experiments/results/DP_2_2/boolean/70.onnx,DP,1,1,0.01694915254237288,70,4.0,0.0,0.0,0.0,0.0,0.0,1.0,0.0,11.0,false
246,4.0,168.0,False,,new,experiments/results/DP_2_2/boolean/70.onnx,DP,1,2,0.023809523809523808,70,5.0,0.0,0.0,0.0,0.0,0.0,1.0,0.0,10.0,false
247,64.0,226.0,False,,new,experiments/results/DP_2_2/boolean/70.onnx,DP,2,1,0.2831858407079646,70,51.0,32.0,40.0,7.0,1.0,1.0,6.0,21.14,49.0,false
248,39.0,202.0,False,,new,experiments/results/DP_2_2/boolean/70.onnx,DP,2,2,0.19306930693069307,70,35.0,25.0,29.0,4.0,0.0,2.0,1.0,20.66,41.0,false
249,3.0,168.0,False,,new,experiments/results/DP_2_2/boolean/71.onnx,DP,1,1,0.017857142857142856,71,4.0,0.0,0.0,0.0,0.0,0.0,1.0,0.0,10.0,false
250,4.0,167.0,False,,new,experiments/results/DP_2_2/boolean/71.onnx,DP,1,2,0.023952095808383235,71,5.0,0.0,0.0,0.0,0.0,0.0,1.0,0.0,11.0,false
251,33.0,191.0,False,,new,experiments/results/DP_2_2/boolean/71.onnx,DP,2,1,0.17277486910994763,71,27.0,23.0,27.0,6.0,0.0,1.0,0.0,20.18,29.0,false
252,41.0,207.0,False,,new,experiments/results/DP_2_2/boolean/71.onnx,DP,2,2,0.19806763285024154,71,35.0,25.0,29.0,5.0,0.0,1.0,1.0,20.66,37.0,false
253,3.0,170.0,False,,new,experiments/results/DP_2_2/boolean/72.onnx,DP,1,1,0.01764705882352941,72,4.0,0.0,0.0,0.0,0.0,0.0,1.0,0.0,10.0,false
254,4.0,167.0,False,,new,experiments/results/DP_2_2/boolean/72.onnx,DP,1,2,0.023952095808383235,72,5.0,0.0,0.0,0.0,0.0,0.0,1.0,0.0,9.0,false
255,61.0,214.0,False,,new,experiments/results/DP_2_2/boolean/72.onnx,DP,2,1,0.2850467289719626,72,40.0,32.0,45.0,20.0,0.0,1.0,0.0,21.14,42.0,false
256,65.0,215.0,False,,new,experiments/results/DP_2_2/boolean/72.onnx,DP,2,2,0.3023255813953488,72,43.0,31.0,41.0,17.0,0.0,2.0,0.0,21.14,45.0,false
257,3.0,166.0,False,,new,experiments/results/DP_2_2/boolean/73.onnx,DP,1,1,0.018072289156626505,73,4.0,0.0,0.0,0.0,0.0,0.0,1.0,0.0,10.0,false
258,4.0,179.0,False,,new,experiments/results/DP_2_2/boolean/73.onnx,DP,1,2,0.0223463687150838,73,5.0,0.0,0.0,0.0,0.0,0.0,1.0,0.0,12.0,false
259,70.0,225.0,False,,new,experiments/results/DP_2_2/boolean/73.onnx,DP,2,1,0.3111111111111111,73,45.0,38.0,55.0,25.0,1.0,1.0,0.0,21.62,50.0,false
260,77.0,233.0,False,,new,experiments/results/DP_2_2/boolean/73.onnx,DP,2,2,0.33047210300429186,73,51.0,31.0,42.0,23.0,1.0,2.0,0.0,21.62,59.0,false
261,3.0,170.0,False,,new,experiments/results/DP_2_2/boolean/74.onnx,DP,1,1,0.01764705882352941,74,4.0,0.0,0.0,0.0,0.0,0.0,1.0,0.0,9.0,false
262,4.0,167.0,False,,new,experiments/results/DP_2_2/boolean/74.onnx,DP,1,2,0.023952095808383235,74,5.0,0.0,0.0,0.0,0.0,0.0,1.0,0.0,10.0,false
263,69.0,234.0,False,,new,experiments/results/DP_2_2/boolean/74.onnx,DP,2,1,0.2948717948717949,74,45.0,27.0,35.0,22.0,1.0,1.0,0.0,21.62,59.0,false
264,78.0,230.0,False,,new,experiments/results/DP_2_2/boolean/74.onnx,DP,2,2,0.3391304347826087,74,51.0,31.0,41.0,25.0,1.0,1.0,0.0,21.7,57.0,false
265,3.0,173.0,False,,new,experiments/results/DP_2_2/boolean/75.onnx,DP,1,1,0.017341040462427744,75,4.0,0.0,0.0,0.0,0.0,0.0,1.0,0.0,12.0,false
266,4.0,174.0,False,,new,experiments/results/DP_2_2/boolean/75.onnx,DP,1,2,0.022988505747126436,75,5.0,0.0,0.0,0.0,0.0,0.0,1.0,0.0,11.0,false
267,70.0,223.0,False,,new,experiments/results/DP_2_2/boolean/75.onnx,DP,2,1,0.31390134529147984,75,45.0,27.0,35.0,23.0,1.0,1.0,0.0,21.62,52.0,false
268,79.0,227.0,False,,new,experiments/results/DP_2_2/boolean/75.onnx,DP,2,2,0.34801762114537443,75,51.0,31.0,41.0,26.0,1.0,1.0,0.0,21.7,57.0,false
269,3.0,172.0,False,,new,experiments/results/DP_2_2/boolean/76.onnx,DP,1,1,0.01744186046511628,76,4.0,0.0,0.0,0.0,0.0,0.0,1.0,0.0,13.0,false
270,4.0,176.0,False,,new,experiments/results/DP_2_2/boolean/76.onnx,DP,1,2,0.022727272727272728,76,5.0,0.0,0.0,0.0,0.0,0.0,1.0,0.0,12.0,false
271,80.0,229.0,False,,new,experiments/results/DP_2_2/boolean/76.onnx,DP,2,1,0.34934497816593885,76,50.0,27.0,36.0,28.0,1.0,1.0,0.0,22.18,54.0,false
272,95.0,250.0,False,,new,experiments/results/DP_2_2/boolean/76.onnx,DP,2,2,0.38,76,60.0,31.0,42.0,31.0,1.0,1.0,0.0,22.66,65.0,false
273,3.0,170.0,False,,new,experiments/results/DP_2_2/boolean/77.onnx,DP,1,1,0.01764705882352941,77,4.0,0.0,0.0,0.0,0.0,0.0,1.0,0.0,10.0,false
274,4.0,170.0,False,,new,experiments/results/DP_2_2/boolean/77.onnx,DP,1,2,0.023529411764705882,77,5.0,0.0,0.0,0.0,0.0,0.0,1.0,0.0,10.0,false
275,71.0,236.0,False,,new,experiments/results/DP_2_2/boolean/77.onnx,DP,2,1,0.3008474576271186,77,47.0,27.0,35.0,22.0,1.0,2.0,0.0,21.62,46.0,false
276,80.0,241.0,False,,new,experiments/results/DP_2_2/boolean/77.onnx,DP,2,2,0.33195020746887965,77,53.0,31.0,41.0,25.0,1.0,2.0,0.0,21.7,61.0,false
277,3.0,169.0,False,,new,experiments/results/DP_2_2/boolean/78.onnx,DP,1,1,0.01775147928994083,78,4.0,0.0,0.0,0.0,0.0,0.0,1.0,0.0,13.0,false
278,4.0,167.0,False,,new,experiments/results/DP_2_2/boolean/78.onnx,DP,1,2,0.023952095808383235,78,5.0,0.0,0.0,0.0,0.0,0.0,1.0,0.0,11.0,false
279,69.0,230.0,False,,new,experiments/results/DP_2_2/boolean/78.onnx,DP,2,1,0.3,78,47.0,27.0,35.0,19.0,1.0,3.0,1.0,21.62,65.0,false
280,80.0,230.0,False,,new,experiments/results/DP_2_2/boolean/78.onnx,DP,2,2,0.34782608695652173,78,55.0,31.0,41.0,22.0,1.0,3.0,1.0,21.62,59.0,false
281,3.0,179.0,False,,new,experiments/results/DP_2_2/boolean/79.onnx,DP,1,1,0.01675977653631285,79,4.0,0.0,0.0,0.0,0.0,0.0,1.0,0.0,10.0,false
282,4.0,169.0,False,,new,experiments/results/DP_2_2/boolean/79.onnx,DP,1,2,0.023668639053254437,79,5.0,0.0,0.0,0.0,0.0,0.0,1.0,0.0,10.0,false
283,95.0,233.0,False,,new,experiments/results/DP_2_2/boolean/79.onnx,DP,2,1,0.40772532188841204,79,66.0,30.0,39.0,20.0,1.0,2.0,3.0,22.18,58.0,false
284,101.0,240.0,False,,new,experiments/results/DP_2_2/boolean/79.onnx,DP,2,2,0.42083333333333334,79,74.0,0.0,0.0,16.0,1.0,0.0,6.0,0.0,59.0,true
285,3.0,171.0,False,,new,experiments/results/DP_2_2/boolean/80.onnx,DP,1,1,0.017543859649122806,80,4.0,0.0,0.0,0.0,0.0,0.0,1.0,0.0,10.0,false
286,4.0,163.0,False,,new,experiments/results/DP_2_2/boolean/80.onnx,DP,1,2,0.024539877300613498,80,5.0,0.0,0.0,0.0,0.0,0.0,1.0,0.0,9.0,false
287,101.0,229.0,False,,new,experiments/results/DP_2_2/boolean/80.onnx,DP,2,1,0.4410480349344978,80,73.0,0.0,0.0,21.0,0.0,0.0,0.0,0.0,62.0,true
288,78.0,228.0,False,,new,experiments/results/DP_2_2/boolean/80.onnx,DP,2,2,0.34210526315789475,80,55.0,28.0,35.0,19.0,0.0,3.0,2.0,21.62,61.0,false
289,3.0,171.0,False,,new,experiments/results/DP_2_2/boolean/81.onnx,DP,1,1,0.017543859649122806,81,4.0,0.0,0.0,0.0,0.0,0.0,1.0,0.0,9.0,false
290,4.0,171.0,False,,new,experiments/results/DP_2_2/boolean/81.onnx,DP,1,2,0.023391812865497075,81,5.0,0.0,0.0,0.0,0.0,0.0,1.0,0.0,10.0,false
291,58.0,209.0,False,,new,experiments/results/DP_2_2/boolean/81.onnx,DP,2,1,0.27751196172248804,81,40.0,27.0,36.0,15.0,0.0,1.0,0.0,21.14,42.0,false
292,96.0,228.0,False,,new,experiments/results/DP_2_2/boolean/81.onnx,DP,2,2,0.42105263157894735,81,66.0,31.0,42.0,16.0,0.0,1.0,3.0,22.18,54.0,false
293,3.0,172.0,False,,new,experiments/results/DP_2_2/boolean/82.onnx,DP,1,1,0.01744186046511628,82,4.0,0.0,0.0,0.0,0.0,0.0,1.0,0.0,9.0,false
294,4.0,164.0,False,,new,experiments/results/DP_2_2/boolean/82.onnx,DP,1,2,0.024390243902439025,82,5.0,0.0,0.0,0.0,0.0,0.0,1.0,0.0,8.0,false
295,71.0,227.0,False,,new,experiments/results/DP_2_2/boolean/82.onnx,DP,2,1,0.31277533039647576,82,49.0,27.0,36.0,15.0,0.0,1.0,3.0,21.14,53.0,false
296,95.0,231.0,False,,new,experiments/results/DP_2_2/boolean/82.onnx,DP,2,2,0.41125541125541126,82,65.0,44.0,65.0,22.0,1.0,1.0,1.0,22.18,56.0,false
297,3.0,174.0,False,,new,experiments/results/DP_2_2/boolean/83.onnx,DP,1,1,0.017241379310344827,83,4.0,0.0,0.0,0.0,0.0,0.0,1.0,0.0,13.0,false
298,4.0,169.0,False,,new,experiments/results/DP_2_2/boolean/83.onnx,DP,1,2,0.023668639053254437,83,5.0,0.0,0.0,0.0,0.0,0.0,1.0,0.0,11.0,false
299,60.0,221.0,False,,new,experiments/results/DP_2_2/boolean/83.onnx,DP,2,1,0.27149321266968324,83,41.0,27.0,35.0,15.0,0.0,1.0,0.0,21.14,40.0,false
300,91.0,229.0,False,,new,experiments/results/DP_2_2/boolean/83.onnx,DP,2,2,0.39737991266375544,83,60.0,31.0,41.0,21.0,1.0,1.0,4.0,22.18,54.0,false
301,3.0,177.0,False,,new,experiments/results/DP_2_2/boolean/84.onnx,DP,1,1,0.01694915254237288,84,4.0,0.0,0.0,0.0,0.0,0.0,1.0,0.0,10.0,false
302,4.0,176.0,False,,new,experiments/results/DP_2_2/boolean/84.onnx,DP,1,2,0.022727272727272728,84,5.0,0.0,0.0,0.0,0.0,0.0,1.0,0.0,13.0,false
303,73.0,220.0,False,,new,experiments/results/DP_2_2/boolean/84.onnx,DP,2,1,0.33181818181818185,84,48.0,27.0,35.0,18.0,1.0,1.0,2.0,21.62,48.0,false
304,89.0,243.0,False,,new,experiments/results/DP_2_2/boolean/84.onnx,DP,2,2,0.3662551440329218,84,60.0,31.0,41.0,21.0,1.0,1.0,3.0,22.18,64.0,false
305,3.0,170.0,False,,new,experiments/results/DP_2_2/boolean/85.onnx,DP,1,1,0.01764705882352941,85,4.0,0.0,0.0,0.0,0.0,0.0,1.0,0.0,11.0,false
306,4.0,168.0,False,,new,experiments/results/DP_2_2/boolean/85.onnx,DP,1,2,0.023809523809523808,85,5.0,0.0,0.0,0.0,0.0,0.0,1.0,0.0,10.0,false
307,69.0,213.0,False,,new,experiments/results/DP_2_2/boolean/85.onnx,DP,2,1,0.323943661971831,85,45.0,27.0,35.0,23.0,1.0,1.0,0.0,21.62,46.0,false
308,83.0,224.0,False,,new,experiments/results/DP_2_2/boolean/85.onnx,DP,2,2,0.3705357142857143,85,55.0,31.0,41.0,28.0,1.0,1.0,1.0,22.18,50.0,false
309,3.0,197.0,False,,new,experiments/results/DP_2_2/boolean/86.onnx,DP,1,1,0.015228426395939087,86,4.0,0.0,0.0,0.0,0.0,0.0,1.0,0.0,13.0,false
310,4.0,183.0,False,,new,experiments/results/DP_2_2/boolean/86.onnx,DP,1,2,0.02185792349726776,86,5.0,0.0,0.0,0.0,0.0,0.0,1.0,0.0,10.0,false
311,71.0,221.0,False,,new,experiments/results/DP_2_2/boolean/86.onnx,DP,2,1,0.3212669683257919,86,45.0,27.0,36.0,26.0,1.0,1.0,0.0,21.62,44.0,false
312,84.0,230.0,False,,new,experiments/results/DP_2_2/boolean/86.onnx,DP,2,2,0.3652173913043478,86,55.0,31.0,42.0,27.0,1.0,1.0,1.0,22.18,46.0,false
313,3.0,182.0,False,,new,experiments/results/DP_2_2/boolean/87.onnx,DP,1,1,0.016483516483516484,87,4.0,0.0,0.0,0.0,0.0,0.0,1.0,0.0,10.0,false
314,4.0,171.0,False,,new,experiments/results/DP_2_2/boolean/87.onnx,DP,1,2,0.023391812865497075,87,5.0,0.0,0.0,0.0,0.0,0.0,1.0,0.0,13.0,false
315,77.0,236.0,False,,new,experiments/results/DP_2_2/boolean/87.onnx,DP,2,1,0.326271186440678,87,52.0,38.0,56.0,24.0,1.0,2.0,2.0,21.62,60.0,false
316,89.0,251.0,False,,new,experiments/results/DP_2_2/boolean/87.onnx,DP,2,2,0.3545816733067729,87,62.0,36.0,52.0,25.0,1.0,2.0,2.0,22.18,69.0,false
317,3.0,172.0,False,,new,experiments/results/DP_2_2/boolean/88.onnx,DP,1,1,0.01744186046511628,88,4.0,0.0,0.0,0.0,0.0,0.0,1.0,0.0,11.0,false
318,4.0,175.0,False,,new,experiments/results/DP_2_2/boolean/88.onnx,DP,1,2,0.022857142857142857,88,5.0,0.0,0.0,0.0,0.0,0.0,1.0,0.0,11.0,false
319,79.0,225.0,False,,new,experiments/results/DP_2_2/boolean/88.onnx,DP,2,1,0.3511111111111111,88,52.0,38.0,56.0,20.0,1.0,3.0,3.0,21.62,52.0,false
320,94.0,237.0,False,,new,experiments/results/DP_2_2/boolean/88.onnx,DP,2,2,0.39662447257383965,88,62.0,44.0,65.0,23.0,1.0,3.0,5.0,22.18,57.0,false
321,3.0,168.0,False,,new,experiments/results/DP_2_2/boolean/89.onnx,DP,1,1,0.017857142857142856,89,4.0,0.0,0.0,0.0,0.0,0.0,1.0,0.0,11.0,false
322,4.0,171.0,False,,new,experiments/results/DP_2_2/boolean/89.onnx,DP,1,2,0.023391812865497075,89,5.0,0.0,0.0,0.0,0.0,0.0,1.0,0.0,11.0,false
323,73.0,217.0,False,,new,experiments/results/DP_2_2/boolean/89.onnx,DP,2,1,0.33640552995391704,89,48.0,27.0,35.0,25.0,1.0,1.0,1.0,21.62,47.0,false
324,84.0,222.0,False,,new,experiments/results/DP_2_2/boolean/89.onnx,DP,2,2,0.3783783783783784,89,56.0,31.0,41.0,28.0,1.0,1.0,1.0,22.18,52.0,false
325,3.0,170.0,False,,new,experiments/results/DP_2_2/boolean/90.onnx,DP,1,1,0.01764705882352941,90,4.0,0.0,0.0,0.0,0.0,0.0,1.0,0.0,10.0,false
326,4.0,171.0,False,,new,experiments/results/DP_2_2/boolean/90.onnx,DP,1,2,0.023391812865497075,90,5.0,0.0,0.0,0.0,0.0,0.0,1.0,0.0,10.0,false
327,85.0,228.0,False,,new,experiments/results/DP_2_2/boolean/90.onnx,DP,2,1,0.37280701754385964,90,55.0,35.0,49.0,29.0,1.0,1.0,3.0,22.18,54.0,false
328,98.0,235.0,False,,new,experiments/results/DP_2_2/boolean/90.onnx,DP,2,2,0.41702127659574467,90,65.0,40.0,56.0,31.0,1.0,1.0,4.0,22.66,61.0,false
329,3.0,177.0,False,,new,experiments/results/DP_2_2/boolean/91.onnx,DP,1,1,0.01694915254237288,91,4.0,0.0,0.0,0.0,0.0,0.0,1.0,0.0,10.0,false
330,4.0,166.0,False,,new,experiments/results/DP_2_2/boolean/91.onnx,DP,1,2,0.024096385542168676,91,5.0,0.0,0.0,0.0,0.0,0.0,1.0,0.0,11.0,false
331,78.0,228.0,False,,new,experiments/results/DP_2_2/boolean/91.onnx,DP,2,1,0.34210526315789475,91,51.0,38.0,56.0,28.0,0.0,1.0,2.0,21.62,51.0,false
332,89.0,225.0,False,,new,experiments/results/DP_2_2/boolean/91.onnx,DP,2,2,0.39555555555555555,91,61.0,36.0,52.0,26.0,0.0,2.0,2.0,22.18,54.0,false
333,3.0,167.0,False,,new,experiments/results/DP_2_2/boolean/92.onnx,DP,1,1,0.017964071856287425,92,4.0,0.0,0.0,0.0,0.0,0.0,1.0,0.0,11.0,false
334,4.0,174.0,False,,new,experiments/results/DP_2_2/boolean/92.onnx,DP,1,2,0.022988505747126436,92,5.0,0.0,0.0,0.0,0.0,0.0,1.0,0.0,12.0,false
335,60.0,216.0,False,,new,experiments/results/DP_2_2/boolean/92.onnx,DP,2,1,0.2777777777777778,92,39.0,32.0,45.0,22.0,0.0,1.0,0.0,21.14,42.0,false
336,66.0,214.0,False,,new,experiments/results/DP_2_2/boolean/92.onnx,DP,2,2,0.308411214953271,92,43.0,36.0,51.0,24.0,0.0,1.0,0.0,21.62,44.0,false
337,3.0,172.0,False,,new,experiments/results/DP_2_2/boolean/93.onnx,DP,1,1,0.01744186046511628,93,4.0,0.0,0.0,0.0,0.0,0.0,1.0,0.0,9.0,false
338,4.0,171.0,False,,new,experiments/results/DP_2_2/boolean/93.onnx,DP,1,2,0.023391812865497075,93,5.0,0.0,0.0,0.0,0.0,0.0,1.0,0.0,11.0,false
339,87.0,223.0,False,,new,experiments/results/DP_2_2/boolean/93.onnx,DP,2,1,0.3901345291479821,93,57.0,32.0,46.0,19.0,0.0,3.0,3.0,21.62,55.0,false
340,95.0,222.0,False,,new,experiments/results/DP_2_2/boolean/93.onnx,DP,2,2,0.42792792792792794,93,63.0,36.0,52.0,22.0,0.0,3.0,3.0,22.18,52.0,false
341,3.0,168.0,False,,new,experiments/results/DP_2_2/boolean/94.onnx,DP,1,1,0.017857142857142856,94,4.0,0.0,0.0,0.0,0.0,0.0,1.0,0.0,11.0,false
342,4.0,175.0,False,,new,experiments/results/DP_2_2/boolean/94.onnx,DP,1,2,0.022857142857142857,94,5.0,0.0,0.0,0.0,0.0,0.0,1.0,0.0,10.0,false
343,75.0,222.0,False,,new,experiments/results/DP_2_2/boolean/94.onnx,DP,2,1,0.33783783783783783,94,48.0,43.0,70.0,23.0,0.0,1.0,1.0,21.62,47.0,false
344,89.0,235.0,False,,new,experiments/results/DP_2_2/boolean/94.onnx,DP,2,2,0.37872340425531914,94,58.0,47.0,76.0,25.0,0.0,1.0,3.0,22.18,65.0,false
345,3.0,174.0,False,,new,experiments/results/DP_2_2/boolean/95.onnx,DP,1,1,0.017241379310344827,95,4.0,0.0,0.0,0.0,0.0,0.0,1.0,0.0,10.0,false
346,4.0,173.0,False,,new,experiments/results/DP_2_2/boolean/95.onnx,DP,1,2,0.023121387283236993,95,5.0,0.0,0.0,0.0,0.0,0.0,1.0,0.0,12.0,false
347,66.0,231.0,False,,new,experiments/results/DP_2_2/boolean/95.onnx,DP,2,1,0.2857142857142857,95,46.0,25.0,31.0,16.0,0.0,2.0,1.0,21.14,57.0,false
348,73.0,237.0,False,,new,experiments/results/DP_2_2/boolean/95.onnx,DP,2,2,0.3080168776371308,95,52.0,28.0,35.0,17.0,0.0,2.0,1.0,21.62,67.0,false
349,3.0,170.0,False,,new,experiments/results/DP_2_2/boolean/96.onnx,DP,1,1,0.01764705882352941,96,4.0,0.0,0.0,0.0,0.0,0.0,1.0,0.0,10.0,false
350,4.0,174.0,False,,new,experiments/results/DP_2_2/boolean/96.onnx,DP,1,2,0.022988505747126436,96,5.0,0.0,0.0,0.0,0.0,0.0,1.0,0.0,10.0,false
351,67.0,223.0,False,,new,experiments/results/DP_2_2/boolean/96.onnx,DP,2,1,0.3004484304932735,96,46.0,27.0,35.0,19.0,0.0,2.0,1.0,21.14,40.0,false
352,75.0,226.0,False,,new,experiments/results/DP_2_2/boolean/96.onnx,DP,2,2,0.33185840707964603,96,52.0,31.0,41.0,21.0,0.0,2.0,1.0,21.62,56.0,false
353,3.0,168.0,False,,new,experiments/results/DP_2_2/boolean/97.onnx,DP,1,1,0.017857142857142856,97,4.0,0.0,0.0,0.0,0.0,0.0,1.0,0.0,10.0,false
354,4.0,174.0,False,,new,experiments/results/DP_2_2/boolean/97.onnx,DP,1,2,0.022988505747126436,97,5.0,0.0,0.0,0.0,0.0,0.0,1.0,0.0,10.0,false
355,101.0,230.0,False,,new,experiments/results/DP_2_2/boolean/97.onnx,DP,2,1,0.4391304347826087,97,73.0,0.0,0.0,21.0,0.0,0.0,3.0,0.0,60.0,true
356,84.0,233.0,False,,new,experiments/results/DP_2_2/boolean/97.onnx,DP,2,2,0.3605150214592275,97,58.0,31.0,41.0,22.0,0.0,1.0,2.0,21.62,54.0,false
357,3.0,171.0,False,,new,experiments/results/DP_2_2/boolean/98.onnx,DP,1,1,0.017543859649122806,98,4.0,0.0,0.0,0.0,0.0,0.0,1.0,0.0,10.0,false
358,4.0,168.0,False,,new,experiments/results/DP_2_2/boolean/98.onnx,DP,1,2,0.023809523809523808,98,5.0,0.0,0.0,0.0,0.0,0.0,1.0,0.0,11.0,false
359,72.0,236.0,False,,new,experiments/results/DP_2_2/boolean/98.onnx,DP,2,1,0.3050847457627119,98,46.0,38.0,60.0,24.0,0.0,1.0,1.0,21.62,54.0,false
360,80.0,234.0,False,,new,experiments/results/DP_2_2/boolean/98.onnx,DP,2,2,0.3418803418803419,98,52.0,42.0,66.0,25.0,0.0,1.0,1.0,21.62,56.0,false
361,3.0,174.0,False,,new,experiments/results/DP_2_2/boolean/99.onnx,DP,1,1,0.017241379310344827,99,4.0,0.0,0.0,0.0,0.0,0.0,1.0,0.0,10.0,false
362,4.0,170.0,False,,new,experiments/results/DP_2_2/boolean/99.onnx,DP,1,2,0.023529411764705882,99,5.0,0.0,0.0,0.0,0.0,0.0,1.0,0.0,11.0,false
363,63.0,258.0,False,,new,experiments/results/DP_2_2/boolean/99.onnx,DP,2,1,0.2441860465116279,99,45.0,23.0,27.0,16.0,0.0,2.0,2.0,21.14,55.0,false
364,66.0,212.0,False,,new,experiments/results/DP_2_2/boolean/99.onnx,DP,2,2,0.3113207547169811,99,49.0,25.0,29.0,13.0,0.0,2.0,2.0,21.14,39.0,false
365,3.0,168.0,False,,new,experiments/results/DP_2_2/boolean/100.onnx,DP,1,1,0.017857142857142856,100,4.0,0.0,0.0,0.0,0.0,0.0,1.0,0.0,10.0,false
366,4.0,180.0,False,,new,experiments/results/DP_2_2/boolean/100.onnx,DP,1,2,0.022222222222222223,100,5.0,0.0,0.0,0.0,0.0,0.0,1.0,0.0,12.0,false
367,101.0,230.0,False,,new,experiments/results/DP_2_2/boolean/100.onnx,DP,2,1,0.4391304347826087,100,69.0,0.0,0.0,22.0,0.0,0.0,5.0,0.0,59.0,true
368,101.0,237.0,False,,new,experiments/results/DP_2_2/boolean/100.onnx,DP,2,2,0.42616033755274263,100,72.0,0.0,0.0,21.0,0.0,0.0,5.0,0.0,65.0,true
369,3.0,169.0,False,,new,experiments/results/DP_2_2/boolean/101.onnx,DP,1,1,0.01775147928994083,101,4.0,0.0,0.0,0.0,0.0,0.0,1.0,0.0,12.0,false
370,4.0,169.0,False,,new,experiments/results/DP_2_2/boolean/101.onnx,DP,1,2,0.023668639053254437,101,5.0,0.0,0.0,0.0,0.0,0.0,1.0,0.0,13.0,false
371,101.0,238.0,False,,new,experiments/results/DP_2_2/boolean/101.onnx,DP,2,1,0.42436974789915966,101,69.0,0.0,0.0,22.0,0.0,0.0,5.0,0.0,56.0,true
372,101.0,247.0,False,,new,experiments/results/DP_2_2/boolean/101.onnx,DP,2,2,0.4089068825910931,101,72.0,0.0,0.0,21.0,0.0,0.0,5.0,0.0,65.0,true
